wall,step,val
1598634871.566671,0,60.0
1598634873.756036,1,72.5
1598634875.922272,2,0.0
1598634878.07643,3,100.0
1598634880.253843,4,0.0
1598634882.373973,5,0.0
1598634884.550794,6,80.0
1598634886.74126,7,65.0
1598634888.879933,8,81.66665649414062
1598634891.061015,9,75.0
1598634893.190344,10,76.0
1598634895.353574,11,0.0
1598634897.57066,12,69.99999237060547
1598634899.682606,13,67.5
1598634901.854892,14,75.0
1598634904.009335,15,81.4285659790039
1598634906.172744,16,81.25
1598634908.377589,17,69.99999237060547
1598634910.522917,18,76.66668701171875
1598634912.748508,19,76.66666412353516
1598634914.837199,20,65.0
1598634917.014328,21,0.0
1598634919.114183,22,76.66668701171875
1598634921.319174,23,78.33332824707031
1598634923.48901,24,84.28571319580078
1598634925.635009,25,80.0
1598634927.788354,26,93.33334350585938
1598634929.964743,27,70.0
1598634932.113096,28,77.5
1598634934.279229,29,0.0
1598634936.429843,30,76.66668701171875
1598634938.566052,31,75.0
1598634940.724708,32,73.75
1598634942.856832,33,76.66666412353516
1598634944.96841,34,86.66667175292969
1598634947.109784,35,0.0
1598634949.258112,36,92.5
1598634951.473628,37,82.0
1598634953.66565,38,80.0
1598634955.916925,39,65.0
1598634958.128341,40,81.11114501953125
1598634960.243331,41,79.99999237060547
1598634962.349219,42,89.9999771118164
1598634964.500754,43,85.0
1598634966.637163,44,0.0
1598634968.78301,45,80.0
1598634970.885605,46,85.71428680419922
1598634973.059235,47,60.0
1598634975.221033,48,0.0
1598634977.352748,49,90.0
1598634979.56423,50,96.66667938232422
1598634981.66851,51,81.4285659790039
1598634983.782426,52,95.0
1598634985.864078,53,88.0
1598634988.034119,54,80.0
1598634990.199962,55,100.0
1598634992.437372,56,100.0
1598634994.678576,57,84.99998474121094
1598634996.8543,58,100.0
1598634999.032243,59,94.0
1598635001.196547,60,100.0
1598635003.388623,61,81.25
1598635005.525236,62,86.0
1598635007.698824,63,0.0
1598635009.858097,64,81.11114501953125
1598635012.009867,65,93.33334350585938
1598635014.196011,66,90.0
1598635016.318738,67,100.0
1598635018.454514,68,87.5
1598635020.573581,69,100.0
1598635022.785603,70,0.0
1598635024.898971,71,81.25
1598635027.070072,72,87.14286041259766
1598635029.23647,73,100.0
1598635031.368138,74,100.00001525878906
1598635033.500199,75,0.0
1598635035.593081,76,78.75
1598635037.697952,77,90.00000762939453
1598635039.818777,78,81.11114501953125
1598635041.877475,79,80.0
1598635044.042581,80,100.0
1598635046.187984,81,89.9999771118164
1598635048.351326,82,81.11114501953125
1598635050.538218,83,100.0
1598635052.780531,84,87.5
1598635054.89061,85,100.0
1598635057.052648,86,90.0
1598635059.25603,87,92.5
1598635061.494074,88,80.00003051757812
1598635063.660777,89,87.5
1598635065.804742,90,75.55557250976562
1598635068.002042,91,95.0
1598635070.159486,92,89.9999771118164
1598635072.319529,93,85.0
1598635074.485561,94,96.66667938232422
1598635076.60889,95,96.66667938232422
1598635078.767254,96,100.00001525878906
1598635080.96684,97,88.5714340209961
1598635083.171815,98,0.0
1598635085.35904,99,0.0
1598635087.456117,100,0.0
1598635089.610133,101,100.0
1598635091.828114,102,82.5
1598635093.938683,103,88.75
1598635096.081247,104,96.0
1598635098.264427,105,98.0
1598635100.444899,106,100.0
1598635102.585937,107,100.0
1598635104.782993,108,100.00001525878906
1598635106.902258,109,88.75
1598635109.071294,110,83.3333740234375
1598635111.219227,111,100.00001525878906
1598635113.389307,112,83.3333740234375
1598635115.526692,113,97.5
1598635117.653951,114,100.0
1598635119.823118,115,100.00001525878906
1598635122.042573,116,100.00001525878906
1598635124.149124,117,100.00001525878906
1598635126.355179,118,100.0
1598635128.534791,119,100.00001525878906
1598635130.692187,120,96.66667938232422
1598635132.917101,121,87.5
1598635135.053286,122,81.25
1598635137.22199,123,100.0
1598635139.398723,124,0.0
1598635141.527755,125,100.0
1598635143.717251,126,97.5
1598635145.896439,127,91.42858123779297
1598635148.00366,128,88.5714340209961
1598635150.105851,129,86.0
1598635152.208672,130,100.0
1598635154.333353,131,88.75
1598635156.449537,132,100.0
1598635158.581495,133,100.0
1598635160.782931,134,0.0
1598635162.974497,135,88.75
1598635165.099224,136,98.33329772949219
1598635167.217835,137,0.0
1598635169.377388,138,0.0
1598635171.592269,139,94.0
1598635173.734718,140,90.0
1598635175.926074,141,100.00001525878906
1598635178.088782,142,100.0
1598635180.22375,143,100.0
1598635182.398188,144,100.00001525878906
1598635184.529425,145,100.0
1598635186.67198,146,100.00001525878906
1598635188.887022,147,100.0
1598635191.06417,148,100.00001525878906
1598635193.215525,149,100.0
1598635195.346671,150,83.3333740234375
1598635197.480648,151,100.0
1598635199.652915,152,100.00001525878906
1598635201.798207,153,100.0
1598635203.918895,154,100.0
1598635206.071705,155,81.25
1598635208.211344,156,100.0
1598635210.374487,157,84.28571319580078
1598635212.511814,158,76.66668701171875
1598635214.627483,159,99.99996185302734
1598635216.821901,160,100.0
1598635218.976595,161,100.00001525878906
1598635221.135577,162,96.0
1598635223.335523,163,94.28572845458984
1598635225.413555,164,94.28572845458984
1598635227.623025,165,100.0
1598635229.832806,166,100.00001525878906
1598635232.015679,167,100.0
1598635234.199597,168,100.00001525878906
1598635236.345958,169,100.0
1598635238.544948,170,87.14286041259766
1598635240.667996,171,0.0
1598635242.815309,172,100.0
1598635245.003512,173,100.0
1598635247.140764,174,87.5
1598635249.341437,175,100.0
1598635251.537924,176,99.99996185302734
1598635253.656702,177,100.00001525878906
1598635255.845103,178,98.33329772949219
1598635258.034949,179,100.0
1598635260.236646,180,100.0
1598635262.424292,181,100.0
1598635264.576835,182,100.0
1598635266.750353,183,88.75
1598635268.901873,184,0.0
1598635271.056029,185,91.42858123779297
1598635273.19749,186,100.0
1598635275.283876,187,100.0
1598635277.392829,188,100.0
1598635279.527393,189,100.0
1598635281.693843,190,100.0
1598635283.833144,191,0.0
1598635286.044525,192,87.5
1598635288.205863,193,100.00001525878906
1598635290.341038,194,88.33331298828125
1598635292.523068,195,100.0
1598635294.663384,196,99.99996185302734
1598635296.789967,197,0.0
1598635299.001193,198,100.0
1598635301.171545,199,100.00001525878906
1598635303.327188,200,100.0
1598635305.521218,201,100.0
1598635307.634337,202,94.28572845458984
1598635309.775046,203,100.0
1598635311.977389,204,83.3333740234375
1598635314.136131,205,100.0
1598635316.266989,206,100.0
1598635318.41074,207,100.0
1598635320.630552,208,100.00001525878906
1598635322.785986,209,100.0
1598635324.957139,210,100.0
1598635327.11569,211,0.0
1598635329.295283,212,99.99996185302734
1598635331.445009,213,91.25
1598635333.610961,214,100.0
1598635335.843569,215,100.0
1598635337.988891,216,100.0
1598635340.189775,217,100.0
1598635342.355249,218,83.3333740234375
1598635344.463248,219,88.75
1598635346.596595,220,94.99996948242188
1598635348.824036,221,100.00001525878906
1598635350.988776,222,0.0
1598635353.204014,223,100.0
1598635355.297897,224,92.5
1598635357.538225,225,100.0
1598635359.655815,226,94.99996948242188
1598635361.824367,227,95.71430206298828
1598635364.014353,228,99.99996185302734
1598635366.144439,229,100.0
1598635368.272392,230,92.5
1598635370.469769,231,100.00001525878906
1598635372.674093,232,94.28572845458984
1598635374.857709,233,88.75
1598635377.031269,234,100.00001525878906
1598635379.210494,235,100.0
1598635381.378674,236,98.33329772949219
1598635383.573176,237,81.11114501953125
1598635385.707612,238,100.0
1598635387.867036,239,95.71430206298828
1598635390.005407,240,100.0
1598635392.16612,241,100.0
1598635394.36156,242,0.0
1598635396.568648,243,100.00001525878906
1598635398.712572,244,100.00001525878906
1598635400.822005,245,99.99996185302734
1598635402.954493,246,90.0
1598635405.174301,247,0.0
1598635407.328952,248,81.11114501953125
1598635409.498361,249,0.0
1598635411.64997,250,100.00001525878906
1598635413.840309,251,87.5
1598635415.986433,252,100.00001525878906
1598635418.101025,253,100.0
1598635420.233853,254,100.0
1598635422.377776,255,100.00001525878906
1598635424.568416,256,100.0
1598635426.764089,257,100.00001525878906
1598635428.906449,258,100.00001525878906
1598635431.101305,259,100.00001525878906
1598635433.206436,260,90.0
1598635435.380057,261,100.0
1598635437.564873,262,100.0
1598635439.710636,263,91.42858123779297
1598635441.87233,264,97.14287567138672
1598635444.038648,265,0.0
1598635446.153453,266,91.25
1598635448.28732,267,100.0
1598635450.457585,268,84.44448852539062
1598635452.631051,269,0.0
1598635454.746815,270,92.8571548461914
1598635456.882592,271,83.3333740234375
1598635459.063579,272,99.99996185302734
1598635461.205367,273,100.00001525878906
1598635463.327784,274,91.42858123779297
1598635465.497094,275,0.0
1598635467.650337,276,82.22225952148438
1598635469.838573,277,83.3333740234375
1598635471.983527,278,92.5
1598635474.171063,279,93.75
1598635476.337833,280,100.0
1598635478.484651,281,100.0
1598635480.639593,282,100.0
1598635482.791232,283,83.3333740234375
1598635484.920025,284,0.0
1598635486.997161,285,100.0
1598635489.110241,286,100.0
1598635491.230912,287,100.0
1598635493.401139,288,100.0
1598635495.54103,289,0.0
1598635497.701488,290,0.0
1598635499.894543,291,100.0
1598635502.080885,292,100.0
1598635504.278766,293,100.00001525878906
1598635506.480777,294,100.00001525878906
1598635508.602245,295,100.0
1598635510.777321,296,100.0
1598635512.960757,297,84.44448852539062
1598635515.111373,298,100.00001525878906
1598635517.258526,299,100.0
1598635519.438588,300,100.0
1598635521.562081,301,84.44448852539062
1598635523.780573,302,100.0
1598635525.912754,303,100.0
1598635528.092428,304,85.55560302734375
1598635530.324677,305,100.00001525878906
1598635532.475673,306,82.22225952148438
1598635534.626398,307,100.0
1598635536.745628,308,83.3333740234375
1598635538.840458,309,0.0
1598635540.729404,310,97.14287567138672
1598635542.544632,311,100.0
1598635544.477777,312,91.25
1598635546.321772,313,92.5
1598635548.202603,314,100.0
1598635550.095957,315,99.99996185302734
1598635551.987453,316,92.5
1598635553.86123,317,100.0
1598635555.702501,318,97.14287567138672
1598635557.625458,319,100.00001525878906
1598635559.511235,320,85.55560302734375
1598635561.411618,321,100.0
1598635563.282206,322,100.0
1598635565.175416,323,85.0
1598635567.135756,324,100.00001525878906
1598635569.052806,325,100.0
1598635570.95554,326,100.0
1598635572.894428,327,98.57144927978516
1598635574.769155,328,100.0
1598635576.616511,329,94.28572845458984
1598635578.504216,330,98.57144927978516
1598635580.406884,331,0.0
1598635582.326259,332,0.0
1598635584.273259,333,95.0
1598635586.163042,334,100.00001525878906
1598635588.144325,335,0.0
1598635590.001129,336,100.0
1598635591.864702,337,0.0
1598635593.773409,338,97.14287567138672
1598635595.666147,339,100.0000228881836
1598635597.688918,340,100.0
1598635599.651633,341,85.55560302734375
1598635601.643069,342,92.8571548461914
1598635603.609375,343,93.75
1598635605.503208,344,92.5
1598635607.401205,345,100.0000228881836
1598635609.299863,346,0.0
1598635611.22396,347,0.0
1598635613.102743,348,93.75
1598635615.015169,349,100.0
1598635616.920315,350,0.0
1598635618.810964,351,81.11114501953125
1598635620.757418,352,100.0
1598635622.618947,353,100.0
1598635624.532978,354,100.0
1598635626.47488,355,97.14287567138672
1598635628.397078,356,100.0
1598635630.294454,357,98.57144927978516
1598635632.123588,358,100.0
1598635634.025093,359,100.0
1598635635.900513,360,0.0
1598635637.884049,361,100.0
1598635639.776575,362,100.0
1598635641.648142,363,100.00001525878906
1598635643.536469,364,100.0
1598635645.364167,365,100.0
1598635647.248979,366,100.00001525878906
1598635649.153503,367,100.00001525878906
1598635651.069084,368,85.55560302734375
1598635653.032563,369,100.0
1598635654.978982,370,100.0
1598635656.877215,371,100.0000228881836
1598635658.785572,372,100.0
1598635660.620026,373,100.0
1598635662.47415,374,96.25
1598635664.412431,375,92.5
1598635666.28885,376,0.0
1598635668.192548,377,83.3333740234375
1598635670.063307,378,100.0
1598635671.971911,379,92.8571548461914
1598635673.835629,380,100.0000228881836
1598635675.784453,381,99.99996185302734
1598635677.71804,382,92.5
1598635679.58158,383,100.0
1598635681.519062,384,93.75
1598635683.429267,385,100.0
1598635685.35885,386,98.33329772949219
1598635687.217906,387,100.0
1598635689.177737,388,90.0
1598635691.031895,389,100.0000228881836
1598635692.93782,390,92.5
1598635694.835261,391,100.0
1598635696.804284,392,86.66671752929688
1598635698.662215,393,100.0
1598635700.565661,394,99.99996185302734
1598635702.503017,395,100.0
1598635704.420114,396,99.99996185302734
1598635706.361225,397,97.14287567138672
1598635708.274451,398,85.55560302734375
1598635710.194166,399,100.0
1598635712.085589,400,0.0
1598635713.951925,401,98.33329772949219
1598635715.843391,402,100.0000228881836
1598635717.755685,403,100.0
1598635719.685065,404,100.0
1598635721.561483,405,99.99996185302734
1598635723.432405,406,100.0
1598635725.385061,407,99.99996185302734
1598635727.275447,408,100.0
1598635729.156758,409,100.0
1598635731.10642,410,99.99996185302734
1598635732.98397,411,100.0
1598635734.867145,412,96.25
1598635736.775882,413,100.00001525878906
1598635738.71909,414,100.0
1598635740.650985,415,100.0
1598635742.584392,416,100.0
1598635744.501044,417,96.66663360595703
1598635746.394927,418,100.0
1598635748.30807,419,100.0
1598635750.213153,420,0.0
1598635752.114099,421,0.0
1598635753.969847,422,99.99996185302734
1598635755.858768,423,100.0
1598635757.791281,424,88.75
1598635759.719352,425,84.44448852539062
1598635761.645261,426,97.14287567138672
1598635763.485187,427,99.99996185302734
1598635765.37445,428,87.5
1598635767.293401,429,100.0
1598635769.182161,430,99.99996185302734
1598635771.000374,431,100.0
1598635772.925918,432,100.0
1598635774.844409,433,84.44448852539062
1598635776.693444,434,100.00001525878906
1598635778.552116,435,100.0
1598635780.50299,436,100.0
1598635782.455997,437,100.0
1598635784.338005,438,100.0
1598635786.178294,439,80.00003051757812
1598635788.076788,440,100.0
1598635790.001854,441,86.66671752929688
1598635791.881108,442,100.0
1598635793.799189,443,100.0
1598635795.648493,444,100.00001525878906
1598635797.568298,445,100.0
1598635799.482342,446,100.0
1598635801.438612,447,99.99996185302734
1598635803.409423,448,100.0
1598635805.307982,449,99.99996185302734
1598635807.229982,450,100.00001525878906
1598635809.062986,451,100.0
1598635810.943259,452,100.0
1598635812.889643,453,84.44448852539062
1598635814.821051,454,91.25
1598635816.685667,455,85.55560302734375
1598635818.596622,456,100.00001525878906
1598635820.549379,457,100.0
1598635822.373211,458,0.0
1598635824.270994,459,97.14287567138672
1598635826.235143,460,100.0
1598635828.126672,461,0.0
1598635830.097233,462,99.99996185302734
1598635831.972934,463,92.5
1598635833.810532,464,100.00001525878906
1598635835.690874,465,100.0
1598635837.565761,466,100.0
1598635839.475981,467,91.25
1598635841.374259,468,0.0
1598635843.276882,469,95.71430206298828
1598635845.219705,470,100.0
1598635847.105471,471,0.0
1598635848.916898,472,99.99996185302734
1598635850.85992,473,87.5
1598635852.741121,474,99.99996185302734
1598635854.685083,475,100.0
1598635856.565466,476,100.00001525878906
1598635858.473346,477,99.99996185302734
1598635860.33874,478,100.0
1598635862.215797,479,100.0
1598635864.088665,480,0.0
1598635865.960202,481,99.99996185302734
1598635867.853926,482,100.0
1598635869.715036,483,100.0
1598635871.574458,484,99.99996185302734
1598635873.43206,485,100.00001525878906
1598635875.350213,486,0.0
1598635877.209012,487,0.0
1598635879.141682,488,0.0
1598635881.027194,489,99.99996185302734
1598635882.896875,490,99.99996185302734
1598635884.730922,491,100.0
1598635886.583971,492,0.0
1598635888.486225,493,100.00001525878906
1598635890.385541,494,100.0
1598635892.311108,495,99.99996185302734
1598635894.217074,496,100.00001525878906
1598635896.135904,497,95.71430206298828
1598635898.0431,498,100.0
1598635899.942981,499,100.0
1598635901.815516,500,100.0
1598635903.700249,501,100.00001525878906
1598635905.606294,502,100.0
1598635907.553806,503,100.0
1598635909.515619,504,0.0
1598635911.407108,505,100.00001525878906
1598635913.371101,506,93.75
1598635915.33,507,94.28572845458984
1598635917.1894,508,0.0
1598635919.144257,509,100.00001525878906
1598635921.075353,510,95.0
1598635922.991462,511,100.0000228881836
1598635924.885485,512,99.99996185302734
1598635926.767537,513,99.99996185302734
1598635928.680939,514,83.3333740234375
1598635930.616579,515,81.11114501953125
1598635932.518316,516,0.0
1598635934.422118,517,98.57144927978516
1598635936.287687,518,97.14287567138672
1598635938.157619,519,99.99996185302734
1598635939.996451,520,97.14287567138672
1598635941.874923,521,100.0
1598635943.723137,522,100.0
1598635945.677695,523,91.25
1598635947.594245,524,100.0
1598635949.473884,525,100.0
1598635951.398747,526,95.0
1598635953.299175,527,98.57144927978516
1598635955.116921,528,99.99996185302734
1598635957.04145,529,100.0
1598635958.880607,530,100.00001525878906
1598635960.752609,531,100.0
1598635962.588358,532,100.0
1598635964.468838,533,85.55560302734375
1598635966.337936,534,100.0000228881836
1598635968.267188,535,84.44448852539062
1598635970.209213,536,100.0
1598635972.124695,537,95.71430206298828
1598635974.033424,538,100.0
1598635975.863627,539,95.0
1598635977.717433,540,100.0
1598635979.578779,541,100.0
1598635981.4345,542,91.25
1598635983.295318,543,98.57144927978516
1598635985.181911,544,99.99996185302734
1598635987.041776,545,100.0
1598635988.960509,546,100.0
1598635990.903992,547,93.75
1598635992.816033,548,0.0
1598635994.64031,549,90.0
1598635996.49992,550,84.44448852539062
1598635998.316369,551,100.0
1598636000.227583,552,100.0
1598636002.116638,553,99.99996185302734
1598636003.978978,554,100.0
1598636005.880195,555,88.75
1598636007.784592,556,100.0
1598636009.737939,557,99.99996185302734
1598636011.669765,558,100.00001525878906
1598636013.57293,559,100.00001525878906
1598636015.51627,560,100.0
1598636017.423559,561,97.14287567138672
1598636019.326668,562,81.11114501953125
1598636021.267313,563,100.0
1598636023.191396,564,100.0
1598636025.057517,565,95.0
1598636026.892616,566,100.0000228881836
1598636028.821947,567,85.55560302734375
1598636030.751156,568,100.00001525878906
1598636032.668495,569,99.99996185302734
1598636034.574251,570,100.0
1598636036.483119,571,100.0
1598636038.359111,572,85.55560302734375
1598636040.254786,573,100.0
1598636042.168222,574,95.0
1598636044.029675,575,100.0
1598636045.984442,576,100.0
1598636047.935313,577,100.0
1598636049.742859,578,82.22225952148438
1598636051.615577,579,100.0
1598636053.489946,580,93.75
1598636055.362488,581,0.0
1598636057.318113,582,93.75
1598636059.222004,583,100.0000228881836
1598636061.187879,584,99.99996185302734
1598636063.069341,585,100.00001525878906
1598636064.962105,586,0.0
1598636066.824462,587,0.0
1598636068.777967,588,100.0
1598636070.753175,589,100.0
1598636072.734275,590,93.75
1598636074.600527,591,100.0
1598636076.462224,592,100.0
1598636078.321353,593,87.5
1598636080.178383,594,97.14287567138672
1598636082.035308,595,100.00001525878906
1598636083.950216,596,100.0
1598636085.864868,597,99.99996185302734
1598636087.731853,598,100.0000228881836
1598636089.664636,599,100.0
1598636091.598306,600,100.0
1598636093.499014,601,100.00001525878906
1598636095.392005,602,100.0
1598636097.327781,603,97.14287567138672
1598636099.225382,604,100.0
1598636101.161674,605,100.0
1598636103.022771,606,100.0
1598636104.923218,607,82.22225952148438
1598636106.796114,608,99.99996185302734
1598636108.66978,609,0.0
1598636110.612535,610,99.99996185302734
1598636112.473397,611,0.0
1598636114.335234,612,98.57144927978516
1598636116.207336,613,0.0
1598636118.085126,614,100.0
1598636119.968622,615,100.00001525878906
1598636121.891856,616,100.0
1598636123.818642,617,85.55560302734375
1598636125.734478,618,100.0000228881836
1598636127.696194,619,95.0
1598636129.606415,620,100.0000228881836
1598636131.488555,621,100.0
1598636133.384167,622,95.0
1598636135.254243,623,100.00001525878906
1598636137.131654,624,84.44448852539062
1598636139.017676,625,100.0
1598636140.929381,626,85.55560302734375
1598636142.842292,627,100.0
1598636144.707237,628,92.5
1598636146.645543,629,100.0
1598636148.521106,630,99.99996185302734
1598636150.406843,631,100.0
1598636152.334682,632,100.00001525878906
1598636154.203983,633,100.0
1598636156.032216,634,100.00001525878906
1598636157.935964,635,99.99996185302734
1598636159.817728,636,100.00001525878906
1598636161.736809,637,100.00001525878906
1598636163.673342,638,0.0
1598636165.595371,639,100.0
1598636167.527353,640,86.66671752929688
1598636169.359509,641,0.0
1598636171.230808,642,0.0
1598636173.129507,643,100.0
1598636175.011083,644,100.00001525878906
1598636176.937395,645,99.99996185302734
1598636178.82843,646,100.00001525878906
1598636180.75409,647,100.0
1598636182.645104,648,99.99996185302734
1598636184.511487,649,99.99996185302734
1598636186.400171,650,100.00001525878906
1598636188.306677,651,100.00001525878906
1598636190.223574,652,100.0
1598636192.071911,653,100.0000228881836
1598636193.963691,654,98.57144927978516
1598636195.784611,655,85.55560302734375
1598636197.749797,656,98.57144927978516
1598636199.666545,657,100.0
1598636201.633712,658,0.0
1598636203.515131,659,0.0
1598636205.456077,660,0.0
1598636207.323657,661,100.00001525878906
1598636209.255273,662,98.57144927978516
1598636211.118665,663,100.0
1598636213.034797,664,100.0
1598636214.918766,665,100.0
1598636216.790348,666,95.0
1598636218.612003,667,100.0
1598636220.485877,668,98.57144927978516
1598636222.334586,669,92.5
1598636224.25208,670,84.44448852539062
1598636226.190073,671,100.0
1598636228.096977,672,0.0
1598636230.015503,673,0.0
1598636231.943646,674,86.66671752929688
1598636233.900786,675,0.0
1598636235.811318,676,85.55560302734375
1598636237.703414,677,100.0
1598636239.619193,678,100.0
1598636241.548858,679,98.33329772949219
1598636243.440485,680,100.0
1598636245.35255,681,100.00001525878906
1598636247.281534,682,100.0
1598636249.200731,683,95.0
1598636251.134273,684,86.66671752929688
1598636253.035171,685,100.0
1598636254.941126,686,98.57144927978516
1598636256.841495,687,100.0
1598636258.7714,688,100.0
1598636260.698549,689,93.75
1598636262.577655,690,100.0
1598636264.466752,691,84.44448852539062
1598636266.317988,692,85.55560302734375
1598636268.257634,693,100.0
1598636270.136687,694,100.0
1598636271.997338,695,100.0
1598636273.866189,696,100.00001525878906
1598636275.778149,697,99.99996185302734
1598636277.713442,698,100.0
1598636279.647439,699,99.99996185302734
1598636281.553011,700,85.55560302734375
1598636283.537089,701,100.0
1598636285.463096,702,100.0
1598636287.381498,703,99.99996185302734
1598636289.222521,704,100.0
1598636291.100198,705,100.0
1598636292.995225,706,98.57144927978516
1598636294.982346,707,98.57144927978516
1598636296.958121,708,98.57144927978516
1598636298.818059,709,100.0
1598636300.464686,710,93.75
1598636302.206248,711,0.0
1598636303.848692,712,100.0
1598636305.498812,713,100.00001525878906
1598636307.073658,714,100.0
1598636308.699575,715,99.99996185302734
1598636310.342517,716,100.00001525878906
1598636312.046934,717,100.0
1598636313.68762,718,100.0
1598636315.345407,719,95.0
1598636316.9488,720,100.00001525878906
1598636318.596314,721,100.0
1598636320.314301,722,100.0
1598636322.001375,723,100.0000228881836
1598636323.678806,724,100.00001525878906
1598636325.383737,725,100.0
1598636327.090734,726,100.0
1598636328.836235,727,85.55560302734375
1598636330.494053,728,100.00001525878906
1598636332.129625,729,100.0
1598636333.845549,730,0.0
1598636335.544513,731,100.0
1598636337.212679,732,100.0
1598636338.914669,733,100.0
1598636340.535606,734,83.3333740234375
1598636342.239849,735,100.0
1598636343.896505,736,100.0
1598636345.561802,737,100.0
1598636347.238152,738,99.99996185302734
1598636348.952527,739,100.0
1598636350.613147,740,100.0
1598636352.309075,741,0.0
1598636353.91708,742,98.57144927978516
1598636355.601299,743,100.0
1598636357.221779,744,100.0
1598636358.868247,745,92.5
1598636360.571188,746,100.0
1598636362.179554,747,100.0000228881836
1598636363.779772,748,99.99996185302734
1598636365.395865,749,100.0
1598636367.019727,750,100.0000228881836
1598636368.646058,751,0.0
1598636370.353007,752,100.0
1598636372.016995,753,93.75
1598636373.716081,754,100.0
1598636375.387543,755,0.0
1598636377.124853,756,100.0
1598636378.801726,757,100.0
1598636380.477708,758,100.00001525878906
1598636382.111896,759,0.0
1598636383.783878,760,100.0
1598636385.466053,761,95.0
1598636387.115522,762,92.5
1598636388.809658,763,99.99996185302734
1598636390.506008,764,83.3333740234375
1598636392.123295,765,92.5
1598636393.849435,766,95.0
1598636395.539851,767,95.0
1598636397.200109,768,98.57144927978516
1598636398.845702,769,100.0
1598636400.538712,770,100.0
1598636402.253788,771,98.57144927978516
1598636403.913044,772,100.0
1598636405.633296,773,100.0
1598636407.23001,774,81.11114501953125
1598636408.909911,775,100.0
1598636410.564685,776,97.14287567138672
1598636412.252226,777,100.0
1598636413.93528,778,91.25
1598636415.678543,779,93.75
1598636417.327478,780,0.0
1598636419.01326,781,100.0
1598636420.717869,782,100.0
1598636422.385294,783,100.0
1598636424.120016,784,0.0
1598636425.759021,785,100.0
1598636427.485568,786,99.99996185302734
1598636429.076938,787,92.5
1598636430.712907,788,0.0
1598636432.418327,789,100.0
1598636434.039375,790,100.0
1598636435.759936,791,100.0
1598636437.398502,792,95.0
1598636439.068158,793,0.0
1598636440.738083,794,87.77783203125
1598636442.48909,795,93.75
1598636444.16373,796,99.99996185302734
1598636445.821442,797,92.5
1598636447.597675,798,100.0
1598636449.275413,799,100.0000228881836
1598636450.97911,800,100.0
1598636452.584192,801,0.0
1598636454.207617,802,100.0
1598636455.893458,803,100.0000228881836
1598636457.570204,804,84.44448852539062
1598636459.205162,805,100.0
1598636460.889522,806,100.00001525878906
1598636462.573532,807,0.0
1598636464.19384,808,95.71430206298828
1598636465.780699,809,85.55560302734375
1598636467.523168,810,100.0
1598636469.281936,811,100.0
1598636470.947713,812,100.0
1598636472.61416,813,100.0
1598636474.29339,814,99.99996185302734
1598636475.93025,815,100.0
1598636477.621065,816,96.25
1598636479.27283,817,100.0
1598636480.934775,818,100.0
1598636482.601979,819,0.0
1598636484.272909,820,100.0
1598636485.912663,821,100.0
1598636487.524273,822,100.0000228881836
1598636489.235344,823,99.99996185302734
1598636490.917554,824,99.99996185302734
1598636492.612845,825,100.00001525878906
1598636494.22582,826,84.44448852539062
1598636495.94498,827,93.75
1598636497.631199,828,86.66671752929688
1598636499.271869,829,99.99996185302734
1598636500.936732,830,100.0
1598636502.712345,831,84.44448852539062
1598636504.369438,832,0.0
1598636506.001631,833,0.0
1598636507.630373,834,99.99996185302734
1598636509.353911,835,100.0
1598636510.987353,836,100.0
1598636512.585158,837,100.0
1598636514.162369,838,100.0
1598636515.910166,839,100.00001525878906
1598636517.652895,840,100.00001525878906
1598636519.34515,841,100.0
1598636520.970922,842,0.0
1598636522.670642,843,0.0
1598636524.266453,844,85.55560302734375
1598636525.937358,845,100.0
1598636527.547403,846,100.00001525878906
1598636529.154649,847,85.55560302734375
1598636530.879045,848,99.99996185302734
1598636532.564195,849,98.57144927978516
1598636534.231044,850,100.0000228881836
1598636535.90071,851,100.0
1598636537.549555,852,86.66671752929688
1598636539.151251,853,99.99996185302734
1598636540.847786,854,84.44448852539062
1598636542.495675,855,100.0
1598636544.170706,856,99.99996185302734
1598636545.821816,857,100.00001525878906
1598636547.434267,858,98.33329772949219
1598636549.061014,859,98.57144927978516
1598636550.717115,860,100.0
1598636552.41558,861,100.0
1598636554.132237,862,100.0
1598636555.813421,863,84.44448852539062
1598636557.401835,864,100.00001525878906
1598636559.087227,865,81.11114501953125
1598636560.799701,866,98.57144927978516
1598636562.410152,867,100.0
1598636564.075733,868,0.0
1598636565.722129,869,86.66671752929688
1598636567.462143,870,92.5
1598636569.111653,871,85.55560302734375
1598636570.744656,872,93.75
1598636572.480783,873,100.0
1598636574.068464,874,100.0
1598636575.693549,875,100.0000228881836
1598636577.402489,876,0.0
1598636579.056147,877,100.0000228881836
1598636580.721975,878,0.0
1598636582.3878,879,100.0
1598636584.031532,880,100.00001525878906
1598636585.681686,881,0.0
1598636587.342586,882,100.0
1598636589.064741,883,0.0
1598636590.706622,884,95.0
1598636592.397148,885,100.0
1598636594.133168,886,100.0
1598636595.813901,887,100.0
1598636597.477239,888,100.0
1598636599.130857,889,100.0
1598636600.895768,890,100.0
1598636602.608246,891,0.0
1598636604.234741,892,100.0
1598636605.925308,893,100.0
1598636607.598107,894,100.0
1598636609.289163,895,83.3333740234375
1598636610.935135,896,0.0
1598636612.659822,897,100.0000228881836
1598636614.344659,898,100.0
1598636615.987346,899,0.0
1598636617.70711,900,99.99996185302734
1598636619.267178,901,100.0
1598636620.893699,902,93.75
1598636622.578411,903,100.0
1598636624.250377,904,100.00001525878906
1598636625.98592,905,100.0
1598636627.684488,906,99.99996185302734
1598636629.348985,907,100.00001525878906
1598636631.059901,908,100.0
1598636632.741182,909,100.0
1598636634.417029,910,97.5
1598636636.006673,911,100.00001525878906
1598636637.667673,912,0.0
1598636639.406169,913,98.57144927978516
1598636641.011358,914,85.55560302734375
1598636642.66692,915,98.57144927978516
1598636644.389533,916,100.0
1598636646.079916,917,100.0
1598636647.717587,918,99.99996185302734
1598636649.342984,919,85.55560302734375
1598636651.012142,920,100.0
1598636652.733492,921,0.0
1598636654.409234,922,100.0000228881836
1598636656.111158,923,100.0
1598636657.679174,924,90.0
1598636659.328999,925,100.00001525878906
1598636660.988209,926,100.0
1598636662.662654,927,99.99996185302734
1598636664.374979,928,100.00001525878906
1598636666.018761,929,100.00001525878906
1598636667.626841,930,100.0000228881836
1598636669.332842,931,0.0
1598636670.985161,932,95.0
1598636672.578471,933,100.0
1598636674.194239,934,99.99996185302734
1598636675.80346,935,100.0
1598636677.464728,936,100.0
1598636679.144632,937,100.0
1598636680.816553,938,99.99996185302734
1598636682.579677,939,98.33329772949219
1598636684.211486,940,100.00001525878906
1598636685.820827,941,86.66671752929688
1598636687.544343,942,100.0
1598636689.215782,943,99.99996185302734
1598636690.888401,944,100.0
1598636692.6505,945,100.0
1598636694.300933,946,100.0
1598636695.986912,947,100.0
1598636697.635933,948,100.0
1598636699.338945,949,100.0
1598636701.047059,950,100.0
1598636702.617379,951,100.0000228881836
1598636704.230191,952,87.77783203125
1598636705.889544,953,100.00001525878906
1598636707.576208,954,85.55560302734375
1598636709.291706,955,99.99996185302734
1598636710.937327,956,98.57144927978516
1598636712.639819,957,99.99996185302734
1598636714.353069,958,99.99996185302734
1598636716.00507,959,100.0
1598636717.640239,960,100.0
1598636719.241878,961,82.22225952148438
1598636720.972527,962,98.57144927978516
1598636722.65111,963,100.0
1598636724.347845,964,83.3333740234375
1598636726.04391,965,85.55560302734375
1598636727.738196,966,100.0
1598636729.415182,967,83.3333740234375
1598636731.083877,968,100.0000228881836
1598636732.763309,969,100.0
1598636734.417852,970,100.00001525878906
1598636736.12002,971,99.99996185302734
1598636737.81348,972,99.99996185302734
1598636739.546228,973,100.00001525878906
1598636741.273599,974,0.0
1598636742.906803,975,100.0000228881836
1598636744.566956,976,100.0000228881836
1598636746.22085,977,0.0
1598636747.905099,978,0.0
1598636749.551418,979,99.99996185302734
1598636751.270059,980,85.55560302734375
1598636752.905714,981,96.25
1598636754.575643,982,100.0
1598636756.229032,983,100.0
1598636757.884261,984,100.0
1598636759.610873,985,100.0
1598636761.308716,986,0.0
1598636763.031228,987,100.0000228881836
1598636764.784448,988,0.0
1598636766.506212,989,85.55560302734375
1598636768.182113,990,100.0
1598636769.861562,991,95.0
1598636771.573328,992,100.0
1598636773.257251,993,100.00001525878906
1598636774.88275,994,99.99996185302734
1598636776.49698,995,0.0
1598636778.151944,996,100.0
1598636779.851194,997,83.3333740234375
1598636781.542796,998,100.00001525878906
1598636783.201778,999,100.0
1598636784.864893,1000,99.99996185302734
1598636786.596987,1001,100.0
1598636788.241862,1002,100.0
1598636789.890225,1003,99.99996185302734
1598636791.593724,1004,98.57144927978516
1598636793.290852,1005,99.99996185302734
1598636794.943882,1006,100.0
1598636796.573091,1007,100.00001525878906
1598636798.242198,1008,100.0
1598636799.897434,1009,100.0
1598636801.624291,1010,96.25
1598636803.2825,1011,100.0
1598636804.990814,1012,100.00001525878906
1598636806.619756,1013,100.0
1598636808.280075,1014,86.66671752929688
1598636809.939955,1015,0.0
1598636811.557945,1016,87.77783203125
1598636813.123309,1017,96.25
1598636814.859387,1018,100.0
1598636816.524097,1019,0.0
1598636818.150411,1020,100.0000228881836
1598636819.855976,1021,95.0
1598636821.533145,1022,100.00001525878906
1598636823.135766,1023,100.00001525878906
1598636824.862542,1024,99.99996185302734
1598636826.502935,1025,0.0
1598636828.201833,1026,100.0
1598636829.925365,1027,100.00001525878906
1598636831.581619,1028,100.00001525878906
1598636833.211117,1029,100.0
1598636834.874978,1030,100.0
1598636836.560661,1031,100.0
1598636838.284354,1032,100.0
1598636839.954646,1033,100.0
1598636841.576101,1034,100.0
1598636843.206936,1035,0.0
1598636844.859676,1036,85.55560302734375
1598636846.554793,1037,100.0
1598636848.167957,1038,100.0000228881836
1598636849.916143,1039,85.55560302734375
1598636851.598816,1040,100.00001525878906
1598636853.231568,1041,100.0
1598636854.929773,1042,0.0
1598636856.605954,1043,99.99996185302734
1598636858.32498,1044,100.00001525878906
1598636859.942735,1045,84.44448852539062
1598636861.512954,1046,100.0
1598636863.123078,1047,100.0
1598636864.771529,1048,100.0
1598636866.459696,1049,93.75
1598636868.095765,1050,0.0
1598636869.76633,1051,0.0
1598636871.386609,1052,100.00001525878906
1598636873.118879,1053,98.57144927978516
1598636874.811854,1054,93.75
1598636876.49888,1055,100.00001525878906
1598636878.15184,1056,100.0
1598636879.800724,1057,100.0
1598636881.435458,1058,100.00001525878906
1598636883.154361,1059,100.0000228881836
1598636884.737612,1060,100.0
1598636886.487916,1061,100.0
1598636888.22052,1062,99.99996185302734
1598636889.85319,1063,100.0
1598636891.475937,1064,100.0
1598636893.164353,1065,100.0
1598636894.839624,1066,100.0
1598636896.498066,1067,100.0
1598636898.163915,1068,100.0
1598636899.803783,1069,99.99996185302734
1598636901.455234,1070,100.0
1598636903.122062,1071,96.25
1598636904.813133,1072,100.0
1598636906.46514,1073,100.0
1598636908.088124,1074,100.00001525878906
1598636909.705768,1075,100.0
1598636911.305181,1076,0.0
1598636912.972689,1077,95.0
1598636914.727622,1078,99.99996185302734
1598636916.521049,1079,100.00001525878906
1598636918.224018,1080,100.0
1598636919.812774,1081,99.99996185302734
1598636921.53615,1082,99.99996185302734
1598636923.19581,1083,100.0
1598636924.905403,1084,0.0
1598636926.539346,1085,100.0
1598636928.229023,1086,0.0
1598636929.950135,1087,99.99996185302734
1598636931.705492,1088,83.3333740234375
1598636933.371582,1089,100.0
1598636934.988696,1090,100.0
1598636936.638686,1091,100.0000228881836
1598636938.313545,1092,100.0
1598636939.918105,1093,100.0
1598636941.528608,1094,100.0
1598636943.268045,1095,100.0
1598636944.992502,1096,100.0
1598636946.681043,1097,99.99996185302734
1598636948.378663,1098,85.55560302734375
1598636950.045433,1099,0.0
1598636951.730111,1100,100.0000228881836
1598636953.299321,1101,100.0
1598636955.038194,1102,100.0
1598636956.703592,1103,100.00001525878906
1598636958.428868,1104,100.0
1598636960.131964,1105,0.0
1598636961.768684,1106,0.0
1598636963.460696,1107,86.66671752929688
1598636965.173407,1108,88.75
1598636966.900278,1109,96.25
1598636968.586482,1110,100.0
1598636970.25775,1111,100.0
1598636971.941843,1112,100.0
1598636973.601561,1113,100.0
1598636975.378615,1114,97.5
1598636977.010047,1115,99.99996185302734
1598636978.653901,1116,0.0
1598636980.395158,1117,100.0000228881836
1598636982.022258,1118,100.0
1598636983.674103,1119,100.0
1598636985.29946,1120,100.0
1598636986.936147,1121,100.0
1598636988.554596,1122,95.0
1598636990.191289,1123,100.0
1598636991.886896,1124,100.0
1598636993.533197,1125,100.0
1598636995.217054,1126,100.0
1598636996.88705,1127,95.0
1598636998.608376,1128,100.00001525878906
1598637000.357316,1129,99.99996185302734
1598637002.0381,1130,100.0
1598637003.613382,1131,100.0
1598637005.317687,1132,91.25
1598637007.017395,1133,0.0
1598637008.721403,1134,99.99996185302734
1598637010.410883,1135,100.0
1598637012.023286,1136,100.0
1598637013.766168,1137,100.0
1598637015.385768,1138,100.0
1598637017.003098,1139,97.5
1598637018.640507,1140,100.0
1598637020.30321,1141,100.0
1598637021.980238,1142,99.99996185302734
1598637023.65363,1143,100.00001525878906
1598637025.31691,1144,95.0
1598637026.969899,1145,100.0
1598637028.669972,1146,100.0
1598637030.316036,1147,97.5
1598637032.028141,1148,98.57144927978516
1598637033.808605,1149,99.99996185302734
1598637035.543368,1150,100.0
1598637037.264761,1151,85.55560302734375
1598637038.927329,1152,100.0
1598637040.632942,1153,99.99996185302734
1598637042.26272,1154,100.0
1598637043.875595,1155,100.0000228881836
1598637045.506242,1156,0.0
1598637047.140071,1157,97.5
1598637048.877138,1158,100.0
1598637050.603582,1159,100.0
1598637052.331175,1160,87.77783203125
1598637054.056679,1161,100.0
1598637055.626519,1162,97.14287567138672
1598637057.25869,1163,99.99996185302734
1598637058.976546,1164,97.14287567138672
1598637060.655926,1165,95.0
1598637062.310607,1166,100.0
1598637064.062302,1167,99.99996185302734
1598637065.661605,1168,0.0
1598637067.282826,1169,99.99996185302734
1598637068.912833,1170,86.66671752929688
1598637070.628321,1171,98.57144927978516
1598637072.32735,1172,100.0
1598637074.018314,1173,100.0000228881836
1598637075.723021,1174,100.0
1598637077.396737,1175,100.0000228881836
1598637079.066535,1176,100.0
1598637080.731089,1177,84.44448852539062
1598637082.394364,1178,100.00001525878906
1598637084.106684,1179,100.0
1598637085.800318,1180,100.0
1598637087.478565,1181,95.0
1598637089.205261,1182,99.99996185302734
1598637090.926533,1183,100.00001525878906
1598637092.604243,1184,100.0
1598637094.262226,1185,99.99996185302734
1598637095.926074,1186,100.0
1598637097.542732,1187,100.0000228881836
1598637099.245932,1188,85.55560302734375
1598637100.839993,1189,100.0
1598637102.495176,1190,96.25
1598637104.112899,1191,100.0
1598637105.700198,1192,85.55560302734375
1598637107.310238,1193,100.0
1598637108.966654,1194,100.0000228881836
1598637110.600374,1195,100.0
1598637112.280915,1196,95.0
1598637113.938433,1197,97.5
1598637115.571224,1198,100.00001525878906
1598637117.245362,1199,100.0
1598637118.860761,1200,97.5
1598637120.502857,1201,100.00001525878906
1598637122.126786,1202,97.5
1598637123.751482,1203,100.0
1598637125.47085,1204,100.0
1598637127.18188,1205,100.0
1598637128.81219,1206,100.0
1598637130.517842,1207,100.0
1598637132.170482,1208,100.0
1598637133.859592,1209,100.0000228881836
1598637135.45904,1210,99.99996185302734
1598637137.141531,1211,100.00001525878906
1598637138.83112,1212,97.5
1598637140.495111,1213,100.0
1598637142.104889,1214,86.66671752929688
1598637143.785161,1215,100.0
1598637145.423022,1216,100.00001525878906
1598637147.09702,1217,100.0
1598637148.741725,1218,100.0
1598637150.484382,1219,0.0
1598637152.137524,1220,99.99996185302734
1598637153.785136,1221,0.0
1598637155.456713,1222,0.0
1598637157.054889,1223,97.5
1598637158.75095,1224,0.0
1598637160.454546,1225,97.5
1598637162.139504,1226,0.0
1598637163.802178,1227,100.0
1598637165.482077,1228,100.0
1598637167.183298,1229,100.0
1598637168.856815,1230,100.0
1598637170.538035,1231,0.0
1598637172.225491,1232,100.00001525878906
1598637173.822315,1233,84.44448852539062
1598637175.488428,1234,100.0
1598637177.175477,1235,100.0
1598637178.874868,1236,100.0
1598637180.52445,1237,100.0
1598637182.246907,1238,95.0
1598637183.913081,1239,100.0000228881836
1598637185.577537,1240,100.0
1598637187.266448,1241,100.0
1598637188.978945,1242,100.00001525878906
1598637190.593257,1243,100.0
1598637192.309118,1244,100.0
1598637194.059242,1245,87.77783203125
1598637195.798576,1246,100.0
1598637197.402775,1247,86.66671752929688
1598637199.070222,1248,0.0
1598637200.755345,1249,100.0000228881836
1598637202.465123,1250,100.0
1598637204.143548,1251,0.0
1598637205.752994,1252,100.0
1598637207.383509,1253,0.0
1598637209.035277,1254,100.0
1598637210.772548,1255,0.0
1598637212.401454,1256,0.0
1598637214.065268,1257,0.0
1598637215.739131,1258,100.0
1598637217.494181,1259,88.88894653320312
1598637219.246911,1260,86.66671752929688
1598637220.901475,1261,100.0
1598637222.52107,1262,86.66671752929688
1598637224.16878,1263,99.99996185302734
1598637225.837154,1264,100.0
1598637227.546408,1265,99.99996185302734
1598637229.232322,1266,100.0
1598637230.812556,1267,100.0
1598637232.370425,1268,100.0
1598637234.062307,1269,99.99996185302734
1598637235.793202,1270,0.0
1598637237.403537,1271,100.00001525878906
1598637239.084582,1272,0.0
1598637240.676585,1273,100.0
1598637242.424496,1274,100.0
1598637244.1439,1275,93.75
1598637245.824516,1276,100.0
1598637247.494658,1277,85.55560302734375
1598637249.122793,1278,93.75
1598637250.816478,1279,98.75
1598637252.504707,1280,100.0
1598637254.147407,1281,97.5
1598637255.869054,1282,0.0
1598637257.484248,1283,100.0
1598637259.094162,1284,100.0
1598637260.769534,1285,100.00001525878906
1598637262.414859,1286,100.00001525878906
1598637264.048353,1287,100.0
1598637265.683332,1288,100.0
1598637267.29572,1289,100.0
1598637268.891659,1290,100.0
1598637270.512881,1291,100.00001525878906
1598637272.195766,1292,98.57144927978516
1598637273.851435,1293,87.77783203125
1598637275.542129,1294,100.0
1598637277.284727,1295,0.0
1598637279.013896,1296,100.0000228881836
1598637280.611107,1297,85.55560302734375
1598637282.247153,1298,100.0
1598637283.866416,1299,100.0
1598637285.603025,1300,0.0
1598637287.332602,1301,100.00001525878906
1598637288.986865,1302,0.0
1598637290.690882,1303,100.0
1598637292.373609,1304,100.0
1598637294.037986,1305,97.5
1598637295.717479,1306,0.0
1598637297.314297,1307,84.44448852539062
1598637298.983563,1308,87.77783203125
1598637300.613875,1309,96.25
1598637302.318982,1310,97.14287567138672
1598637304.037924,1311,86.66671752929688
1598637305.718252,1312,100.0
1598637307.403555,1313,99.99996185302734
1598637309.074031,1314,100.0
1598637310.759694,1315,95.0
1598637312.372147,1316,0.0
1598637313.989436,1317,99.99996185302734
1598637315.667367,1318,0.0
1598637317.327831,1319,0.0
1598637318.98281,1320,100.00001525878906
1598637320.67682,1321,100.0
1598637322.388633,1322,100.0
1598637324.045552,1323,100.0
1598637325.693622,1324,0.0
1598637327.340559,1325,0.0
1598637328.971682,1326,0.0
1598637330.61772,1327,98.57144927978516
1598637332.168525,1328,97.5
1598637333.805001,1329,0.0
1598637335.448452,1330,87.77783203125
1598637337.087912,1331,100.0
1598637338.743874,1332,100.0
1598637340.445787,1333,99.99996185302734
1598637342.086854,1334,95.0
1598637343.756088,1335,86.66671752929688
1598637345.439378,1336,100.0
1598637347.111452,1337,97.5
1598637348.732796,1338,100.0000228881836
1598637350.36355,1339,0.0
1598637352.037411,1340,100.0
1598637353.638806,1341,100.0
1598637355.341247,1342,100.00001525878906
1598637357.062701,1343,100.0
1598637358.719641,1344,0.0
1598637360.404358,1345,95.0
1598637362.01924,1346,99.99996185302734
1598637363.73639,1347,95.0
1598637365.454854,1348,85.55560302734375
1598637367.042153,1349,100.0
1598637368.694256,1350,100.0
1598637370.368578,1351,100.0000228881836
1598637372.036436,1352,95.0
1598637373.727692,1353,100.0
1598637375.40212,1354,0.0
1598637377.095278,1355,100.0
1598637378.775869,1356,99.99996185302734
1598637380.48913,1357,84.44448852539062
1598637382.164077,1358,100.0
1598637383.897001,1359,87.77783203125
1598637385.529958,1360,100.0
1598637387.17623,1361,96.25
1598637388.859413,1362,100.00001525878906
1598637390.487284,1363,96.25
1598637392.122241,1364,97.5
1598637393.826286,1365,100.0
1598637395.476059,1366,96.25
1598637397.200556,1367,100.0000228881836
1598637398.920885,1368,86.66671752929688
1598637400.590848,1369,85.55560302734375
1598637402.260212,1370,100.00001525878906
1598637403.933396,1371,95.0
1598637405.594721,1372,100.0
1598637407.203066,1373,100.0
1598637408.813032,1374,96.25
1598637410.471397,1375,99.99996185302734
1598637412.130134,1376,100.0
1598637413.84978,1377,100.0
1598637415.55197,1378,100.0
1598637417.25364,1379,100.0
1598637418.891562,1380,100.0
1598637420.600948,1381,85.55560302734375
1598637422.282273,1382,100.0
1598637423.917078,1383,98.57144927978516
1598637425.460113,1384,98.57144927978516
1598637427.170309,1385,100.0
1598637428.774782,1386,0.0
1598637430.436031,1387,100.0
1598637432.043823,1388,97.5
1598637433.706175,1389,0.0
1598637435.282374,1390,95.0
1598637436.898336,1391,95.0
1598637438.555457,1392,95.0
1598637440.238475,1393,100.0
1598637441.856145,1394,87.77783203125
1598637443.504709,1395,100.0
1598637445.176294,1396,97.5
1598637446.769476,1397,100.0
1598637448.427686,1398,100.00001525878906
1598637450.087776,1399,100.0
1598637451.677347,1400,0.0
1598637453.351318,1401,96.25
1598637455.044977,1402,100.0000228881836
1598637456.753394,1403,99.99996185302734
1598637458.439624,1404,100.0
1598637460.094946,1405,100.0
1598637461.766212,1406,100.0
1598637463.428181,1407,86.66671752929688
1598637465.12776,1408,100.0
1598637466.833576,1409,99.99996185302734
1598637468.475922,1410,87.77783203125
1598637470.118049,1411,0.0
1598637471.775915,1412,100.00001525878906
1598637473.449118,1413,0.0
1598637475.109046,1414,99.99996185302734
1598637476.795545,1415,99.99996185302734
1598637478.458233,1416,100.0
1598637480.015399,1417,100.0
1598637481.647961,1418,100.0
1598637483.287879,1419,100.0
1598637484.883065,1420,99.99996185302734
1598637486.586501,1421,96.25
1598637488.271186,1422,99.99996185302734
1598637489.960805,1423,96.25
1598637491.672714,1424,100.0
1598637493.395396,1425,100.0
1598637495.091425,1426,100.0
1598637496.639646,1427,0.0
1598637498.269651,1428,100.0
1598637499.936404,1429,100.0
1598637501.585755,1430,100.0
1598637503.252822,1431,99.99996185302734
1598637504.873555,1432,100.0
1598637506.502218,1433,100.0
1598637508.200314,1434,100.0
1598637509.722217,1435,86.66671752929688
1598637511.366815,1436,100.00001525878906
1598637512.995221,1437,96.25
1598637514.712933,1438,100.0
1598637516.310381,1439,98.57144927978516
1598637517.939424,1440,100.00001525878906
1598637519.595077,1441,100.0
1598637521.269514,1442,100.0
1598637523.006498,1443,100.0000228881836
1598637524.668664,1444,100.0
1598637526.332956,1445,100.0
1598637527.986389,1446,97.5
1598637529.676387,1447,96.25
1598637531.294138,1448,100.0
1598637533.000676,1449,100.00001525878906
1598637534.685945,1450,87.77783203125
1598637536.290004,1451,86.66671752929688
1598637537.939061,1452,86.66671752929688
1598637539.646657,1453,100.00001525878906
1598637541.345118,1454,88.88894653320312
1598637542.995705,1455,85.55560302734375
1598637544.620462,1456,100.0
1598637546.333432,1457,100.0
1598637548.025364,1458,100.00001525878906
1598637549.623927,1459,100.0
1598637551.284265,1460,100.00001525878906
1598637552.911788,1461,99.99996185302734
1598637554.511856,1462,99.99996185302734
1598637556.186679,1463,95.0
1598637557.887775,1464,100.00001525878906
1598637559.552902,1465,0.0
1598637561.222726,1466,100.0
1598637562.813087,1467,100.0
1598637564.455436,1468,96.25
1598637566.071095,1469,99.99996185302734
1598637567.80705,1470,96.25
1598637569.557456,1471,100.0
1598637571.215232,1472,98.57144927978516
1598637572.904806,1473,100.0000228881836
1598637574.618235,1474,100.0
1598637576.322398,1475,100.0
1598637577.984165,1476,0.0
1598637579.57074,1477,100.0
1598637581.1838,1478,87.77783203125
1598637582.853216,1479,100.0
1598637584.549417,1480,86.66671752929688
1598637586.303629,1481,87.77783203125
1598637587.876132,1482,100.0
1598637589.495229,1483,99.99996185302734
1598637591.023673,1484,0.0
1598637592.70136,1485,100.0
1598637594.421811,1486,100.0
1598637596.107,1487,100.0
1598637597.836367,1488,92.5
1598637599.506127,1489,100.0000228881836
1598637601.10957,1490,100.0
1598637602.749311,1491,100.0
1598637604.387957,1492,0.0
1598637606.016492,1493,100.0
1598637607.705501,1494,100.0000228881836
1598637609.359682,1495,100.00001525878906
1598637610.990617,1496,96.25
1598637612.665194,1497,100.0
1598637614.295615,1498,100.0
1598637615.9979,1499,100.00001525878906
1598637617.708442,1500,100.0
1598637619.324145,1501,100.0
1598637621.015006,1502,100.00001525878906
1598637622.690378,1503,99.99996185302734
1598637624.275516,1504,100.0000228881836
1598637625.946791,1505,99.99996185302734
1598637627.641312,1506,100.0
1598637629.281989,1507,95.0
1598637630.95804,1508,100.0
1598637632.508515,1509,100.0
1598637634.221112,1510,100.0
1598637635.886906,1511,100.0000228881836
1598637637.539888,1512,98.57144927978516
1598637639.20294,1513,100.0
1598637640.962278,1514,100.00001525878906
1598637642.729581,1515,100.0
1598637644.318843,1516,100.0
1598637646.002485,1517,99.99996185302734
1598637647.650981,1518,99.99996185302734
1598637649.367787,1519,100.0
1598637651.052524,1520,100.0
1598637652.613173,1521,100.0
1598637654.214123,1522,100.0
1598637655.801275,1523,86.66671752929688
1598637657.487685,1524,100.0
1598637659.132089,1525,0.0
1598637660.790212,1526,100.00001525878906
1598637662.46232,1527,100.0
1598637664.139817,1528,0.0
1598637665.760296,1529,100.00001525878906
1598637667.428597,1530,99.99996185302734
1598637669.094234,1531,99.99996185302734
1598637670.781834,1532,86.66671752929688
1598637672.465016,1533,100.00001525878906
1598637674.108122,1534,100.0
1598637675.731801,1535,100.0
1598637677.350909,1536,99.99996185302734
1598637678.994111,1537,100.0
1598637680.628121,1538,100.0
1598637682.234344,1539,99.99996185302734
1598637683.935465,1540,97.5
1598637685.589182,1541,100.00001525878906
1598637687.283001,1542,86.66671752929688
1598637688.932255,1543,85.55560302734375
1598637690.592321,1544,0.0
1598637692.265454,1545,100.0
1598637693.990475,1546,100.0
1598637695.619967,1547,100.0
1598637697.162632,1548,98.57144927978516
1598637698.806393,1549,100.0
1598637700.412598,1550,100.0
1598637702.117163,1551,100.0
1598637703.755895,1552,100.00001525878906
1598637705.376769,1553,100.0
1598637707.055367,1554,83.3333740234375
1598637708.734558,1555,100.0
1598637710.365122,1556,100.0
1598637712.128824,1557,100.0
1598637713.785881,1558,93.75
1598637715.552556,1559,99.99996185302734
1598637717.294197,1560,87.77783203125
1598637718.980741,1561,100.0
1598637720.666803,1562,0.0
1598637722.279228,1563,99.99996185302734
1598637723.900571,1564,100.0
1598637725.585651,1565,86.66671752929688
1598637727.243615,1566,100.0
1598637728.889095,1567,98.33329772949219
1598637730.526016,1568,100.00001525878906
1598637732.185753,1569,0.0
1598637733.884846,1570,86.66671752929688
1598637735.553553,1571,85.55560302734375
1598637737.293221,1572,100.0
1598637738.995452,1573,0.0
1598637740.697839,1574,96.25
1598637742.410325,1575,100.0
1598637744.16719,1576,100.0
1598637745.817257,1577,100.00001525878906
1598637747.499154,1578,93.75
1598637749.126981,1579,84.44448852539062
1598637750.707139,1580,87.77783203125
1598637752.369483,1581,100.0
1598637754.085332,1582,97.5
1598637755.717807,1583,100.0
1598637757.421425,1584,100.0000228881836
1598637759.023818,1585,0.0
1598637760.713992,1586,100.0
1598637762.372731,1587,87.77783203125
1598637763.976174,1588,98.57144927978516
1598637765.628777,1589,100.0000228881836
1598637767.320166,1590,100.0
1598637768.990345,1591,96.25
1598637770.607906,1592,100.0000228881836
1598637772.248882,1593,100.0
1598637773.922085,1594,100.00001525878906
1598637775.594368,1595,100.0
1598637777.250095,1596,0.0
1598637778.936718,1597,100.0
1598637780.615144,1598,100.00001525878906
1598637782.245276,1599,99.99996185302734
1598637783.927522,1600,100.0
1598637785.643354,1601,100.0
1598637787.322041,1602,0.0
1598637788.939658,1603,100.0
1598637790.677104,1604,100.0
1598637792.336555,1605,100.0
1598637793.989782,1606,100.0
1598637795.62956,1607,100.0
1598637797.27264,1608,97.5
1598637798.852141,1609,100.0
1598637800.554624,1610,0.0
1598637802.18272,1611,100.0000228881836
1598637803.858043,1612,100.0
1598637805.47086,1613,100.0
1598637807.076613,1614,96.25
1598637808.739685,1615,87.77783203125
1598637810.383497,1616,100.0
1598637811.937303,1617,100.0
1598637813.543256,1618,100.0000228881836
1598637815.22523,1619,99.99996185302734
1598637816.892163,1620,100.0
1598637818.53961,1621,100.0000228881836
1598637820.26051,1622,100.0000228881836
1598637821.98126,1623,100.0
1598637823.598999,1624,0.0
1598637825.248637,1625,99.99996185302734
1598637826.864677,1626,100.0
1598637828.500513,1627,100.0000228881836
1598637830.130175,1628,100.0
1598637831.85123,1629,100.0
1598637833.538638,1630,0.0
1598637835.197385,1631,100.0
1598637836.885779,1632,100.0
1598637838.525347,1633,100.0
1598637840.188803,1634,100.0000228881836
1598637841.86165,1635,99.99996185302734
1598637843.559556,1636,100.00001525878906
1598637845.19859,1637,100.0000228881836
1598637846.944364,1638,0.0
1598637848.662223,1639,100.0
1598637850.307971,1640,100.0
1598637851.98482,1641,100.0000228881836
1598637853.633429,1642,100.0
1598637855.309727,1643,0.0
1598637856.986685,1644,100.0
1598637858.624699,1645,97.5
1598637860.266154,1646,100.0
1598637861.955933,1647,100.00001525878906
1598637863.637076,1648,100.0
1598637865.317712,1649,0.0
1598637866.906195,1650,100.0
1598637868.538206,1651,100.00001525878906
1598637870.209888,1652,97.5
1598637871.869132,1653,100.0
1598637873.522813,1654,86.66671752929688
1598637875.189249,1655,97.5
1598637876.916002,1656,100.0
1598637878.599646,1657,98.57144927978516
1598637880.238482,1658,100.00001525878906
1598637881.854176,1659,100.0000228881836
1598637883.44374,1660,100.0
1598637885.054517,1661,0.0
1598637886.825686,1662,100.0
1598637888.492409,1663,95.71430206298828
1598637890.161597,1664,86.66671752929688
1598637891.726261,1665,100.0
1598637893.370368,1666,100.00001525878906
1598637894.982486,1667,0.0
1598637896.636417,1668,100.00001525878906
1598637898.264893,1669,86.66671752929688
1598637900.009327,1670,88.88894653320312
1598637901.715293,1671,86.66671752929688
1598637903.419165,1672,100.0
1598637905.100353,1673,99.99996185302734
1598637906.705049,1674,100.0
1598637908.304505,1675,0.0
1598637909.90943,1676,96.25
1598637911.460783,1677,100.00001525878906
1598637913.167982,1678,97.5
1598637914.834779,1679,100.0
1598637916.48545,1680,86.66671752929688
1598637918.151732,1681,100.0
1598637919.742955,1682,0.0
1598637921.401464,1683,100.0
1598637923.056509,1684,99.99996185302734
1598637924.713298,1685,0.0
1598637926.389832,1686,0.0
1598637928.034496,1687,100.00001525878906
1598637929.766747,1688,97.5
1598637931.431202,1689,99.99996185302734
1598637933.107835,1690,100.0
1598637934.771574,1691,100.0
1598637936.41538,1692,100.0000228881836
1598637938.075653,1693,86.66671752929688
1598637939.754153,1694,100.0000228881836
1598637941.516865,1695,85.55560302734375
1598637943.146912,1696,100.0
1598637944.871889,1697,99.99996185302734
1598637946.599574,1698,0.0
1598637948.308266,1699,100.0000228881836
1598637950.085492,1700,87.77783203125
1598637951.785306,1701,0.0
1598637953.455885,1702,85.55560302734375
1598637955.089302,1703,100.00001525878906
1598637956.759509,1704,100.0
1598637958.436386,1705,100.00001525878906
1598637960.130381,1706,99.99996185302734
1598637961.762724,1707,100.0
1598637963.42469,1708,87.77783203125
1598637965.083943,1709,100.0000228881836
1598637966.811143,1710,100.0
1598637968.538326,1711,99.99996185302734
1598637970.247887,1712,100.0
1598637971.873219,1713,98.57144927978516
1598637973.474849,1714,100.0
1598637975.138997,1715,0.0
1598637976.749193,1716,100.0000228881836
1598637978.435944,1717,100.0
1598637980.055675,1718,100.0
1598637981.776405,1719,100.0
1598637983.416445,1720,100.0000228881836
1598637985.016892,1721,100.0
1598637986.694119,1722,95.0
1598637988.332567,1723,100.0
1598637990.021858,1724,100.0
1598637991.746813,1725,100.0000228881836
1598637993.443836,1726,100.0
1598637995.190717,1727,100.00001525878906
1598637996.849552,1728,86.66671752929688
1598637998.549731,1729,87.77783203125
1598638000.256792,1730,0.0
1598638001.905831,1731,87.77783203125
1598638003.5541,1732,100.0000228881836
1598638005.19871,1733,99.99996185302734
1598638006.886077,1734,85.55560302734375
1598638008.629332,1735,100.0
1598638010.294709,1736,0.0
1598638011.955836,1737,100.00001525878906
1598638013.651802,1738,100.0000228881836
1598638015.393609,1739,98.57144927978516
1598638017.023805,1740,99.99996185302734
1598638018.755247,1741,100.00001525878906
1598638020.464751,1742,97.5
1598638022.151017,1743,100.0
1598638023.769827,1744,100.0
1598638025.465084,1745,0.0
1598638027.09522,1746,100.00001525878906
1598638028.813479,1747,100.0
1598638030.409807,1748,100.00001525878906
1598638032.129219,1749,100.00001525878906
1598638033.798991,1750,99.99996185302734
1598638035.402256,1751,100.00001525878906
1598638037.109392,1752,96.25
1598638038.761459,1753,100.0
1598638040.43568,1754,0.0
1598638042.082954,1755,100.00001525878906
1598638043.681595,1756,99.99996185302734
1598638045.399262,1757,100.0
1598638047.027612,1758,100.0
1598638048.668513,1759,97.5
1598638050.373158,1760,100.00001525878906
1598638051.99179,1761,100.0
1598638053.647391,1762,100.0
1598638055.326755,1763,100.0
1598638056.981891,1764,100.0
1598638058.572792,1765,98.57144927978516
1598638060.189093,1766,100.0
1598638061.784001,1767,0.0
1598638063.376834,1768,100.0
1598638065.046743,1769,100.0
1598638066.763351,1770,100.00001525878906
1598638068.501382,1771,100.0
1598638070.202532,1772,0.0
1598638071.863234,1773,99.99996185302734
1598638073.536128,1774,100.0
1598638075.256104,1775,100.0
1598638076.947528,1776,100.0
1598638078.608781,1777,0.0
1598638080.230197,1778,100.0
1598638081.904749,1779,100.00001525878906
1598638083.584809,1780,100.0
1598638085.14503,1781,100.0
1598638086.841755,1782,100.0
1598638088.466351,1783,85.55560302734375
1598638090.193594,1784,100.0
1598638091.773221,1785,100.0
1598638093.448494,1786,100.0
1598638095.071394,1787,100.00001525878906
1598638096.801483,1788,100.0000228881836
1598638098.509327,1789,100.0
1598638100.209646,1790,99.99996185302734
1598638101.877836,1791,100.0000228881836
1598638103.516866,1792,95.0
1598638105.150145,1793,100.0
1598638106.762877,1794,100.00001525878906
1598638108.400773,1795,99.99996185302734
1598638110.085286,1796,100.0
1598638111.752302,1797,100.00001525878906
1598638113.326721,1798,85.55560302734375
1598638115.000641,1799,100.0
1598638116.654748,1800,100.0
1598638118.227429,1801,98.75
1598638119.906237,1802,100.0
1598638121.571131,1803,100.0000228881836
1598638123.267298,1804,100.0
1598638124.954741,1805,100.0000228881836
1598638126.634992,1806,99.99996185302734
1598638128.370442,1807,96.25
1598638130.096513,1808,100.0000228881836
1598638131.81708,1809,85.55560302734375
1598638133.373344,1810,100.0
1598638134.986713,1811,100.0000228881836
1598638136.66412,1812,100.0
1598638138.219359,1813,99.99996185302734
1598638139.927364,1814,87.77783203125
1598638141.615476,1815,100.0
1598638143.29651,1816,100.0
1598638145.004815,1817,0.0
1598638146.595791,1818,85.55560302734375
1598638148.240245,1819,100.0
1598638149.791778,1820,100.0
1598638151.467137,1821,86.66671752929688
1598638153.061402,1822,99.99996185302734
1598638154.673107,1823,100.0
1598638156.30944,1824,96.25
1598638157.976793,1825,100.0000228881836
1598638159.695905,1826,0.0
1598638161.396971,1827,99.99996185302734
1598638163.115426,1828,100.0
1598638164.675263,1829,100.00001525878906
1598638166.28925,1830,100.0
1598638167.947942,1831,86.66671752929688
1598638169.670586,1832,100.0
1598638171.32854,1833,100.0
1598638173.072726,1834,100.0
1598638174.719483,1835,0.0
1598638176.353497,1836,100.0
1598638178.012361,1837,96.25
1598638179.688872,1838,100.0000228881836
1598638181.381029,1839,97.5
1598638183.140144,1840,99.99996185302734
1598638184.843382,1841,100.0
1598638186.56154,1842,99.99996185302734
1598638188.267214,1843,98.57144927978516
1598638189.879887,1844,0.0
1598638191.521872,1845,100.0
1598638193.16606,1846,100.0
1598638194.906926,1847,100.0
1598638196.483716,1848,100.0
1598638198.135598,1849,100.0
1598638199.807938,1850,100.00001525878906
1598638201.5136,1851,97.5
1598638203.131138,1852,0.0
1598638204.822736,1853,100.0
1598638206.503271,1854,98.57144927978516
1598638208.115904,1855,100.0
1598638209.84127,1856,100.0
1598638211.509174,1857,97.5
1598638213.140057,1858,100.0000228881836
1598638214.84248,1859,99.99996185302734
1598638216.510416,1860,100.0
1598638218.114254,1861,100.00001525878906
1598638219.866677,1862,86.66671752929688
1598638221.51541,1863,0.0
1598638223.177905,1864,0.0
1598638224.779505,1865,100.0000228881836
1598638226.384744,1866,0.0
1598638228.096261,1867,99.99996185302734
1598638229.77845,1868,100.0000228881836
1598638231.430362,1869,100.0000228881836
1598638233.05495,1870,97.5
1598638234.703787,1871,100.00001525878906
1598638236.459313,1872,100.0
1598638238.132753,1873,100.00001525878906
1598638239.816252,1874,100.0000228881836
1598638241.461445,1875,87.77783203125
1598638243.158079,1876,100.0
1598638244.856379,1877,100.0
1598638246.571044,1878,100.0
1598638248.297544,1879,100.0
1598638249.967276,1880,99.99996185302734
1598638251.596696,1881,100.0
1598638253.313413,1882,98.75
1598638255.051799,1883,100.0
1598638256.684845,1884,100.00001525878906
1598638258.308016,1885,0.0
1598638259.993813,1886,100.00001525878906
1598638261.624746,1887,100.0000228881836
1598638263.347872,1888,96.25
1598638265.007532,1889,86.66671752929688
1598638266.723557,1890,100.0
1598638268.308625,1891,87.77783203125
1598638269.952788,1892,100.00001525878906
1598638271.619125,1893,88.88894653320312
1598638273.279448,1894,0.0
1598638274.921778,1895,99.99996185302734
1598638276.582391,1896,100.00001525878906
1598638278.242849,1897,87.77783203125
1598638279.875443,1898,100.00001525878906
1598638281.578061,1899,100.0
1598638283.252047,1900,0.0
1598638284.942612,1901,100.0
1598638286.636432,1902,87.77783203125
1598638288.310804,1903,87.77783203125
1598638289.952942,1904,87.77783203125
1598638291.656847,1905,100.0
1598638293.360649,1906,0.0
1598638294.988639,1907,99.99996185302734
1598638296.677989,1908,100.0
1598638298.325884,1909,100.0
1598638299.985523,1910,100.0000228881836
1598638301.660181,1911,100.0000228881836
1598638303.316473,1912,96.25
1598638304.993127,1913,100.0
1598638306.637882,1914,100.0000228881836
1598638308.340614,1915,99.99996185302734
1598638310.094654,1916,100.0
1598638311.857954,1917,99.99996185302734
1598638313.546838,1918,87.77783203125
1598638315.206512,1919,99.99996185302734
1598638316.800486,1920,0.0
1598638318.484245,1921,100.00001525878906
1598638320.160751,1922,99.99996185302734
1598638321.797891,1923,100.0
1598638323.498524,1924,99.99996185302734
1598638325.123304,1925,100.0
1598638326.801149,1926,100.0000228881836
1598638328.502282,1927,0.0
1598638330.239007,1928,100.0
1598638331.93864,1929,100.0
1598638333.590458,1930,86.66671752929688
1598638335.215036,1931,100.0
1598638336.902417,1932,100.0
1598638338.62001,1933,100.0
1598638340.299026,1934,100.0
1598638341.90126,1935,100.0
1598638343.529039,1936,100.0
1598638345.178053,1937,87.77783203125
1598638346.90202,1938,100.00001525878906
1598638348.63058,1939,0.0
1598638350.284643,1940,99.99996185302734
1598638351.916325,1941,100.0
1598638353.616801,1942,99.99996185302734
1598638355.325629,1943,100.00001525878906
1598638357.001208,1944,100.0
1598638358.694765,1945,100.0
1598638360.35541,1946,100.0000228881836
1598638362.091271,1947,99.99996185302734
1598638363.854157,1948,100.00001525878906
1598638365.581416,1949,87.77783203125
1598638367.265629,1950,100.0000228881836
1598638368.888303,1951,100.00001525878906
1598638370.56091,1952,100.0
1598638372.27325,1953,100.0000228881836
1598638373.96463,1954,100.0
1598638375.624,1955,100.0000228881836
1598638377.332874,1956,100.00001525878906
1598638378.95125,1957,100.0
1598638380.63184,1958,87.77783203125
1598638382.280904,1959,99.99996185302734
1598638383.967006,1960,87.77783203125
1598638385.661563,1961,100.0
1598638387.408283,1962,85.55560302734375
1598638389.053171,1963,98.75
1598638390.737586,1964,100.0
1598638392.462305,1965,100.0000228881836
1598638394.189068,1966,99.99996185302734
1598638395.934265,1967,0.0
1598638397.585415,1968,0.0
1598638399.190898,1969,100.0
1598638400.852658,1970,99.99996185302734
1598638402.531533,1971,100.0
1598638404.129328,1972,100.0
1598638405.735669,1973,99.99996185302734
1598638407.413849,1974,100.0000228881836
1598638409.098939,1975,100.00001525878906
1598638410.753901,1976,100.0
1598638412.443393,1977,87.77783203125
1598638414.009684,1978,100.0
1598638415.609123,1979,100.0
1598638417.245155,1980,100.0000228881836
1598638418.843953,1981,100.00001525878906
1598638420.535097,1982,100.0
1598638422.298587,1983,85.55560302734375
1598638423.957438,1984,100.0
1598638425.6297,1985,88.88894653320312
1598638427.27765,1986,99.99996185302734
1598638428.916359,1987,99.99996185302734
1598638430.562875,1988,95.0
1598638432.184881,1989,86.66671752929688
1598638433.730773,1990,96.25
1598638435.347782,1991,100.0
1598638436.892883,1992,100.0
1598638438.479745,1993,0.0
1598638440.128431,1994,100.0
1598638441.721877,1995,100.0
1598638443.432481,1996,98.75
1598638445.041284,1997,100.0
1598638446.702721,1998,0.0
1598638448.408384,1999,100.0
1598638450.076432,2000,97.5
1598638451.784896,2001,99.99996185302734
1598638453.461382,2002,100.0000228881836
1598638455.123388,2003,100.0
1598638456.829799,2004,0.0
1598638458.595579,2005,100.0
1598638460.301542,2006,100.0
1598638461.905463,2007,100.00001525878906
1598638463.633633,2008,100.0
1598638465.337431,2009,100.0000228881836
1598638466.93644,2010,100.0
1598638468.633936,2011,100.00001525878906
1598638470.25541,2012,100.0
1598638471.956918,2013,100.0
1598638473.671047,2014,100.0
1598638475.33537,2015,99.99996185302734
1598638477.011899,2016,100.00001525878906
1598638478.631396,2017,99.99996185302734
1598638480.264853,2018,100.0
1598638481.941134,2019,100.0
1598638483.590688,2020,100.00001525878906
1598638485.243282,2021,100.0
1598638486.892069,2022,100.0
1598638488.510242,2023,87.77783203125
1598638490.07544,2024,99.99996185302734
1598638491.733738,2025,100.0
1598638493.339932,2026,96.25
1598638495.033596,2027,100.0
1598638496.701883,2028,97.5
1598638498.366115,2029,100.0000228881836
1598638500.068138,2030,0.0
1598638501.760127,2031,100.0000228881836
1598638503.402295,2032,100.0
1598638505.145394,2033,100.00001525878906
1598638506.843951,2034,100.0
1598638508.460653,2035,100.0
1598638510.172603,2036,100.0
1598638511.832126,2037,100.0
1598638513.532062,2038,99.99996185302734
1598638515.25918,2039,95.0
1598638516.870294,2040,100.00001525878906
1598638518.443996,2041,100.0
1598638520.040946,2042,100.0
1598638521.732802,2043,99.99996185302734
1598638523.406923,2044,99.99996185302734
1598638525.067157,2045,98.57144927978516
1598638526.715373,2046,86.66671752929688
1598638528.325863,2047,0.0
1598638529.949362,2048,100.0
1598638531.549932,2049,100.0
1598638533.262446,2050,0.0
1598638534.952769,2051,98.75
1598638536.664732,2052,100.0
1598638538.308385,2053,100.0
1598638539.946529,2054,100.00001525878906
1598638541.499697,2055,98.75
1598638543.163287,2056,100.0
1598638544.802045,2057,100.00001525878906
1598638546.543597,2058,0.0
1598638548.206536,2059,100.0
1598638549.866046,2060,99.99996185302734
1598638551.526716,2061,96.25
1598638553.200711,2062,100.0
1598638554.894609,2063,87.77783203125
1598638556.534465,2064,100.0000228881836
1598638558.200192,2065,0.0
1598638559.781487,2066,86.66671752929688
1598638561.400986,2067,100.0
1598638563.132133,2068,100.0
1598638564.826433,2069,100.0
1598638566.475397,2070,100.0
1598638568.113683,2071,100.0
1598638569.776211,2072,99.99996185302734
1598638571.397728,2073,100.0
1598638573.104793,2074,100.0
1598638574.827859,2075,99.99996185302734
1598638576.501726,2076,0.0
1598638578.16772,2077,100.0
1598638579.824592,2078,0.0
1598638581.479444,2079,0.0
1598638583.200248,2080,100.0000228881836
1598638584.923233,2081,98.57144927978516
1598638586.56557,2082,100.0
1598638588.211423,2083,0.0
1598638589.909781,2084,100.0
1598638591.60894,2085,100.0000228881836
1598638593.253789,2086,100.0
1598638594.888575,2087,100.0
1598638596.57656,2088,86.66671752929688
1598638598.200363,2089,86.66671752929688
1598638599.874698,2090,87.77783203125
1598638601.554896,2091,87.77783203125
1598638603.146958,2092,100.0
1598638604.749661,2093,100.0
1598638606.333551,2094,88.88894653320312
1598638607.91454,2095,100.0
1598638609.557596,2096,100.0
1598638611.196901,2097,100.0000228881836
1598638612.846854,2098,99.99996185302734
1598638614.562251,2099,100.0
1598638616.182135,2100,96.25
1598638617.802696,2101,100.0
1598638619.467834,2102,100.0
1598638621.132686,2103,100.0
1598638622.83114,2104,87.77783203125
1598638624.466058,2105,100.0
1598638626.10534,2106,95.0
1598638627.751092,2107,0.0
1598638629.454436,2108,100.00001525878906
1598638631.200593,2109,97.5
1598638632.948775,2110,100.00001525878906
1598638634.71424,2111,98.75
1598638636.443661,2112,87.77783203125
1598638638.082687,2113,85.55560302734375
1598638639.773191,2114,100.0
1598638641.394784,2115,100.00001525878906
1598638643.104198,2116,100.0
1598638644.86358,2117,100.00001525878906
1598638646.556324,2118,100.00001525878906
1598638648.268679,2119,100.0000228881836
1598638649.895705,2120,100.00001525878906
1598638651.558108,2121,100.00001525878906
1598638653.241334,2122,100.0
1598638654.941957,2123,100.0
1598638656.656263,2124,100.00001525878906
1598638658.305812,2125,99.99996185302734
1598638659.957676,2126,100.0
1598638661.650639,2127,100.0
1598638663.281353,2128,100.0
1598638664.837492,2129,100.0
1598638666.322494,2130,100.0
1598638667.974741,2131,100.0
1598638669.688904,2132,97.5
1598638671.423735,2133,0.0
1598638673.02916,2134,100.0
1598638674.701419,2135,100.0
1598638676.369033,2136,99.99996185302734
1598638678.085823,2137,100.00001525878906
1598638679.682539,2138,97.5
1598638681.372022,2139,96.25
1598638683.127245,2140,86.66671752929688
1598638684.864061,2141,100.0
1598638686.476564,2142,87.77783203125
1598638688.183635,2143,100.0
1598638689.886413,2144,100.0
1598638691.581969,2145,95.0
1598638693.24705,2146,0.0
1598638694.962061,2147,0.0
1598638696.598738,2148,100.0000228881836
1598638698.18039,2149,0.0
1598638699.858623,2150,97.5
1598638701.488049,2151,98.57144927978516
1598638703.127309,2152,100.0
1598638704.827842,2153,100.0
1598638706.529085,2154,100.0
1598638708.146657,2155,100.0
1598638709.80631,2156,100.0
1598638711.44233,2157,100.00001525878906
1598638713.080387,2158,87.77783203125
1598638714.81603,2159,0.0
1598638716.486317,2160,100.0
1598638718.137426,2161,99.99996185302734
1598638719.796247,2162,100.0
1598638721.526043,2163,96.25
1598638723.24878,2164,100.0000228881836
1598638724.930363,2165,88.88894653320312
1598638726.595004,2166,100.0
1598638728.137186,2167,100.0
1598638729.783709,2168,0.0
1598638731.410217,2169,100.0
1598638733.035339,2170,0.0
1598638734.686199,2171,100.0
1598638736.373405,2172,100.0
1598638738.112651,2173,100.0000228881836
1598638739.788396,2174,100.0
1598638741.547392,2175,100.0
1598638743.274054,2176,100.0000228881836
1598638744.985884,2177,100.00001525878906
1598638746.669138,2178,0.0
1598638748.369226,2179,0.0
1598638750.083446,2180,100.0
1598638751.747777,2181,100.00001525878906
1598638753.377563,2182,100.0
1598638755.015975,2183,100.0
1598638756.674557,2184,99.99996185302734
1598638758.349289,2185,99.99996185302734
1598638759.98389,2186,86.66671752929688
1598638761.570774,2187,100.0
1598638763.193354,2188,96.25
1598638764.828254,2189,100.0
1598638766.41317,2190,87.77783203125
1598638768.073514,2191,98.75
1598638769.798728,2192,100.00001525878906
1598638771.37389,2193,100.00001525878906
1598638773.11654,2194,100.0
1598638774.796227,2195,100.00001525878906
1598638776.518146,2196,100.0
1598638778.284211,2197,99.99996185302734
1598638780.011536,2198,100.0000228881836
1598638781.674053,2199,100.0
1598638783.335399,2200,100.0000228881836
1598638785.017343,2201,99.99996185302734
1598638786.673838,2202,100.0
1598638788.360078,2203,87.77783203125
1598638790.054966,2204,100.0
1598638791.63096,2205,100.00001525878906
1598638793.238465,2206,100.0
1598638794.917213,2207,87.77783203125
1598638796.488166,2208,100.0
1598638798.104938,2209,0.0
1598638799.766344,2210,87.77783203125
1598638801.452895,2211,100.0
1598638803.195249,2212,87.77783203125
1598638804.931506,2213,100.0000228881836
1598638806.659506,2214,100.0
1598638808.398502,2215,100.0000228881836
1598638810.103709,2216,98.75
1598638811.742967,2217,100.0000228881836
1598638813.415644,2218,86.66671752929688
1598638815.039002,2219,97.5
1598638816.710892,2220,100.0
1598638818.345243,2221,100.0
1598638820.053909,2222,97.5
1598638821.661691,2223,100.00001525878906
1598638823.337074,2224,100.0000228881836
1598638824.985337,2225,100.0
1598638826.73717,2226,100.0000228881836
1598638828.459346,2227,100.0
1598638830.043543,2228,87.77783203125
1598638831.388427,2229,100.0
1598638832.751563,2230,100.0
1598638834.106731,2231,99.99996185302734
1598638835.424373,2232,100.0
1598638836.791309,2233,100.0
1598638838.11353,2234,100.0
1598638839.461172,2235,0.0
1598638840.830793,2236,99.99996185302734
1598638842.177908,2237,100.00001525878906
1598638843.518529,2238,100.0
1598638844.882849,2239,100.00001525878906
1598638846.253513,2240,99.99996185302734
1598638847.597217,2241,99.99996185302734
1598638848.931048,2242,100.0
1598638850.261901,2243,100.0000228881836
1598638851.598634,2244,86.66671752929688
1598638852.928512,2245,100.0
1598638854.247532,2246,87.77783203125
1598638855.577311,2247,87.77783203125
1598638856.902503,2248,88.88894653320312
1598638858.252775,2249,100.0
1598638859.555018,2250,98.75
1598638860.891379,2251,100.0000228881836
1598638862.209172,2252,87.77783203125
1598638863.508971,2253,100.0
1598638864.842763,2254,100.00001525878906
1598638866.176895,2255,0.0
1598638867.524402,2256,100.0000228881836
1598638868.89891,2257,100.0
1598638870.287762,2258,100.0
1598638871.658713,2259,100.0
1598638873.007684,2260,100.0
1598638874.379481,2261,97.5
1598638875.717191,2262,100.00001525878906
1598638877.082812,2263,100.0000228881836
1598638878.435254,2264,100.0
1598638879.774901,2265,0.0
1598638881.135112,2266,0.0
1598638882.507118,2267,100.0
1598638883.885041,2268,0.0
1598638885.233206,2269,0.0
1598638886.567352,2270,97.5
1598638887.887711,2271,86.66671752929688
1598638889.224362,2272,99.99996185302734
1598638890.578302,2273,86.66671752929688
1598638891.911709,2274,98.75
1598638893.246801,2275,100.0
1598638894.586487,2276,100.0000228881836
1598638895.910535,2277,99.99996185302734
1598638897.248744,2278,99.99996185302734
1598638898.594245,2279,100.0
1598638899.92767,2280,100.0
1598638901.22988,2281,100.0000228881836
1598638902.576694,2282,86.66671752929688
1598638903.900539,2283,98.57144927978516
1598638905.233821,2284,100.00001525878906
1598638906.594951,2285,100.0
1598638907.970015,2286,98.57144927978516
1598638909.343665,2287,87.77783203125
1598638910.717867,2288,100.0
1598638912.05776,2289,100.0
1598638913.421619,2290,100.0
1598638914.796705,2291,99.99996185302734
1598638916.146233,2292,100.0
1598638917.499169,2293,100.00001525878906
1598638918.848218,2294,99.99996185302734
1598638920.222798,2295,100.0000228881836
1598638921.594235,2296,100.00001525878906
1598638922.9827,2297,100.0
1598638924.382825,2298,100.0000228881836
1598638925.747121,2299,100.0000228881836
1598638927.091308,2300,100.0
1598638928.443355,2301,86.66671752929688
1598638929.809918,2302,0.0
1598638931.157266,2303,86.66671752929688
1598638932.518157,2304,95.0
1598638933.904953,2305,99.99996185302734
1598638935.30404,2306,100.0
1598638936.686535,2307,100.0
1598638938.066073,2308,100.0
1598638939.468452,2309,100.0000228881836
1598638940.859895,2310,100.0
1598638942.202426,2311,0.0
1598638943.574076,2312,100.0
1598638944.934429,2313,97.5
1598638946.300417,2314,100.0000228881836
1598638947.683937,2315,100.0
1598638949.071465,2316,100.0000228881836
1598638950.421924,2317,100.0
1598638951.784355,2318,100.0000228881836
1598638953.133594,2319,100.0
1598638954.524244,2320,0.0
1598638955.868559,2321,87.77783203125
1598638957.223149,2322,100.0
1598638958.590933,2323,100.0
1598638959.953278,2324,100.0000228881836
1598638961.317415,2325,100.0000228881836
1598638962.738277,2326,100.00001525878906
1598638964.143704,2327,96.25
1598638965.514893,2328,0.0
1598638966.907258,2329,100.0
1598638968.292422,2330,98.75
1598638969.686235,2331,100.0
1598638971.095501,2332,100.0
1598638972.482596,2333,99.99996185302734
1598638973.827668,2334,100.0
1598638975.192506,2335,100.00001525878906
1598638976.553965,2336,99.99996185302734
1598638977.899582,2337,99.99996185302734
1598638979.244595,2338,0.0
1598638980.63121,2339,0.0
1598638981.987806,2340,100.0000228881836
1598638983.347,2341,100.0000228881836
1598638984.719369,2342,100.00001525878906
1598638986.112815,2343,100.0
1598638987.485202,2344,100.0
1598638988.846151,2345,100.0
1598638990.237509,2346,100.0
1598638991.604324,2347,86.66671752929688
1598638992.976036,2348,87.77783203125
1598638994.346398,2349,100.00001525878906
1598638995.722165,2350,100.0000228881836
1598638997.098498,2351,100.0
1598638998.4893,2352,100.0
1598638999.866964,2353,100.0
1598639001.175624,2354,100.00001525878906
1598639002.540614,2355,100.0000228881836
1598639003.887864,2356,100.0
1598639005.2142,2357,98.75
1598639006.585009,2358,100.0
1598639007.910765,2359,100.0
1598639009.247352,2360,86.66671752929688
1598639010.593972,2361,100.0000228881836
1598639011.979049,2362,97.5
1598639013.351738,2363,100.0000228881836
1598639014.698307,2364,100.0
1598639016.045437,2365,100.0
1598639017.3875,2366,98.75
1598639018.737114,2367,100.0
1598639020.08195,2368,100.0
1598639021.401227,2369,97.5
1598639022.771755,2370,0.0
1598639024.138505,2371,100.0
1598639025.479948,2372,100.0000228881836
1598639026.826258,2373,0.0
1598639028.173381,2374,100.00001525878906
1598639029.552504,2375,100.0000228881836
1598639030.911345,2376,97.5
1598639032.272334,2377,100.0
1598639033.578292,2378,100.0
1598639034.935107,2379,98.57144927978516
1598639036.320523,2380,100.0
1598639037.684143,2381,99.99996185302734
1598639039.058525,2382,100.0
1598639040.434417,2383,100.0
1598639041.804368,2384,99.99996185302734
1598639043.159782,2385,100.0000228881836
1598639044.505958,2386,100.0
1598639045.85707,2387,100.0
1598639047.205565,2388,100.0
1598639048.571945,2389,100.0
1598639049.942725,2390,0.0
1598639051.344837,2391,100.0
1598639052.725906,2392,100.0
1598639054.11134,2393,99.99996185302734
1598639055.485374,2394,100.0000228881836
1598639056.85766,2395,100.0
1598639058.210978,2396,100.0000228881836
1598639059.558822,2397,100.0
1598639060.91269,2398,88.88894653320312
1598639062.254037,2399,100.00001525878906
1598639063.570393,2400,100.0
1598639064.870831,2401,100.0
1598639066.199688,2402,100.0
1598639067.522365,2403,99.99996185302734
1598639068.857042,2404,100.0
1598639070.21788,2405,100.0
1598639071.565321,2406,100.0
1598639072.868413,2407,100.0
1598639074.211634,2408,100.00001525878906
1598639075.539022,2409,0.0
1598639076.89693,2410,99.99996185302734
1598639078.258626,2411,0.0
1598639079.633449,2412,87.77783203125
1598639081.001126,2413,98.75
1598639082.375468,2414,100.0
1598639083.783132,2415,86.66671752929688
1598639085.149133,2416,99.99996185302734
1598639086.535386,2417,100.0000228881836
1598639087.904516,2418,97.5
1598639089.309251,2419,96.25
1598639090.703344,2420,100.0000228881836
1598639092.106774,2421,0.0
1598639093.499786,2422,0.0
1598639094.843271,2423,100.0
1598639096.222182,2424,100.0
1598639097.616175,2425,100.0
1598639098.967004,2426,100.0
1598639100.31857,2427,0.0
1598639101.666887,2428,100.00001525878906
1598639103.01812,2429,100.0
1598639104.377893,2430,100.0
1598639105.719001,2431,88.88894653320312
1598639107.066658,2432,100.0
1598639108.399425,2433,100.0
1598639109.691876,2434,100.0000228881836
1598639111.037638,2435,0.0
1598639112.399783,2436,0.0
1598639113.75866,2437,86.66671752929688
1598639115.118712,2438,97.5
1598639116.455278,2439,100.0
1598639117.790024,2440,100.0
1598639119.122397,2441,99.99996185302734
1598639120.477578,2442,100.0
1598639121.821227,2443,100.0
1598639123.187343,2444,99.99996185302734
1598639124.520373,2445,88.88894653320312
1598639125.862376,2446,100.0
1598639127.192972,2447,99.99996185302734
1598639128.511301,2448,98.75
1598639129.86617,2449,0.0
1598639131.196526,2450,100.0
1598639132.572494,2451,100.0
1598639133.900606,2452,100.00001525878906
1598639135.215578,2453,100.00001525878906
1598639136.5224,2454,0.0
1598639137.848718,2455,100.0
1598639139.18854,2456,100.0
1598639140.54631,2457,100.0000228881836
1598639141.888283,2458,100.0
1598639143.240603,2459,99.99996185302734
1598639144.588933,2460,99.99996185302734
1598639145.935683,2461,100.0
1598639147.303668,2462,97.5
1598639148.67702,2463,0.0
1598639150.034522,2464,88.88894653320312
1598639151.395491,2465,100.0
1598639152.739963,2466,100.0000228881836
1598639154.094488,2467,100.0
1598639155.455789,2468,99.99996185302734
1598639156.838543,2469,100.00001525878906
1598639158.182918,2470,0.0
1598639159.508722,2471,100.0
1598639160.84954,2472,100.0
1598639162.205466,2473,100.00001525878906
1598639163.537922,2474,100.0
1598639164.877179,2475,87.77783203125
1598639166.266287,2476,0.0
1598639167.662595,2477,100.0
1598639169.061729,2478,100.0
1598639170.437972,2479,100.0
1598639171.824855,2480,99.99996185302734
1598639173.202341,2481,100.0
1598639174.555602,2482,100.0
1598639175.937031,2483,99.99996185302734
1598639177.285627,2484,0.0
1598639178.680882,2485,100.0
1598639180.052354,2486,97.5
1598639181.411884,2487,100.0
1598639182.798995,2488,100.0
1598639184.167265,2489,98.75
1598639185.497901,2490,100.0
1598639186.86263,2491,100.0
1598639188.214304,2492,100.0
1598639189.564487,2493,100.0
1598639190.902208,2494,100.0
1598639192.255865,2495,100.0
1598639193.617172,2496,87.77783203125
1598639194.958476,2497,99.99996185302734
1598639196.281011,2498,0.0
1598639197.609612,2499,97.5
1598639198.932616,2500,100.0
1598639200.247031,2501,100.0
1598639201.565921,2502,100.0000228881836
1598639202.896692,2503,87.77783203125
1598639204.209535,2504,100.0
1598639205.538714,2505,100.0
1598639206.895576,2506,97.5
1598639208.239213,2507,100.0
1598639209.608056,2508,87.77783203125
1598639210.960756,2509,100.0
1598639212.315242,2510,100.0
1598639213.655073,2511,100.0
1598639214.967312,2512,87.77783203125
1598639216.295033,2513,100.00001525878906
1598639217.638107,2514,97.5
1598639219.017339,2515,100.0
1598639220.397768,2516,96.25
1598639221.732484,2517,100.0
1598639223.099859,2518,97.5
1598639224.468489,2519,100.0
1598639225.829623,2520,97.5
1598639227.180659,2521,99.99996185302734
1598639228.537299,2522,99.99996185302734
1598639229.895788,2523,97.5
1598639231.279976,2524,87.77783203125
1598639232.624664,2525,86.66671752929688
1598639233.976213,2526,100.0
1598639235.340289,2527,100.0
1598639236.738996,2528,87.77783203125
1598639238.070431,2529,100.0000228881836
1598639239.42819,2530,98.75
1598639240.778591,2531,100.00001525878906
1598639242.141897,2532,100.0
1598639243.526167,2533,100.00001525878906
1598639244.902152,2534,100.00001525878906
1598639246.252718,2535,100.00001525878906
1598639247.597438,2536,100.0
1598639248.949015,2537,0.0
1598639250.34254,2538,100.0
1598639251.734593,2539,100.00001525878906
1598639253.146029,2540,99.99996185302734
1598639254.532197,2541,100.0
1598639255.905167,2542,100.0
1598639257.299927,2543,100.0
1598639258.676834,2544,98.75
1598639260.062803,2545,99.99996185302734
1598639261.430689,2546,100.0
1598639262.820868,2547,100.0
1598639264.167794,2548,100.0
1598639265.532833,2549,100.00001525878906
1598639266.913923,2550,100.0
1598639268.269108,2551,100.0
1598639269.631002,2552,97.5
1598639271.002207,2553,0.0
1598639272.362279,2554,100.00001525878906
1598639273.732816,2555,100.0
1598639275.107039,2556,100.0
1598639276.462234,2557,0.0
1598639277.8491,2558,100.0
1598639279.249165,2559,100.0
1598639280.649871,2560,100.0
1598639282.010399,2561,99.99996185302734
1598639283.382934,2562,0.0
1598639284.756472,2563,0.0
1598639286.093422,2564,100.0
1598639287.439377,2565,87.77783203125
1598639288.790585,2566,100.0
1598639290.14125,2567,100.00001525878906
1598639291.489276,2568,100.0
1598639292.819205,2569,98.57144927978516
1598639294.166962,2570,0.0
1598639295.54078,2571,98.75
1598639296.859927,2572,100.0000228881836
1598639298.205521,2573,100.0
1598639299.546891,2574,100.00001525878906
1598639300.873898,2575,100.0
1598639302.223933,2576,97.5
1598639303.589124,2577,99.99996185302734
1598639304.933512,2578,100.00001525878906
1598639306.266656,2579,100.0
1598639307.611824,2580,100.0000228881836
1598639308.946486,2581,99.99996185302734
1598639310.303457,2582,100.0
1598639311.654139,2583,96.25
1598639313.008356,2584,100.00001525878906
1598639314.38186,2585,99.99996185302734
1598639315.740862,2586,100.0
1598639317.112314,2587,85.55560302734375
1598639318.469461,2588,98.57144927978516
1598639319.786532,2589,100.0
1598639321.117903,2590,98.75
1598639322.459146,2591,100.0000228881836
1598639323.817316,2592,100.0
1598639325.186372,2593,100.0000228881836
1598639326.546111,2594,100.0
1598639327.92365,2595,100.0
1598639329.323762,2596,100.0
1598639330.718402,2597,100.0
1598639332.107115,2598,100.0
1598639333.460918,2599,96.25
1598639334.858742,2600,100.0
1598639336.249141,2601,100.0
1598639337.651815,2602,100.0
1598639339.041043,2603,0.0
1598639340.435405,2604,100.0000228881836
1598639341.825982,2605,87.77783203125
1598639343.207875,2606,100.0
1598639344.582883,2607,100.0
1598639345.917947,2608,0.0
1598639347.26951,2609,86.66671752929688
1598639348.633045,2610,100.00001525878906
1598639349.976615,2611,100.0000228881836
1598639351.30672,2612,87.77783203125
1598639352.648833,2613,100.0
1598639353.968454,2614,86.66671752929688
1598639355.302993,2615,0.0
1598639356.668392,2616,98.75
1598639358.02902,2617,100.0
1598639359.358758,2618,97.5
1598639360.710875,2619,100.00001525878906
1598639362.092169,2620,100.0000228881836
1598639363.434095,2621,100.0
1598639364.762068,2622,88.88894653320312
1598639366.095168,2623,100.0000228881836
1598639367.411544,2624,0.0
1598639368.790305,2625,99.99996185302734
1598639370.158082,2626,99.99996185302734
1598639371.497967,2627,97.5
1598639372.865495,2628,100.0
1598639374.224276,2629,100.0000228881836
1598639375.59131,2630,0.0
1598639376.954172,2631,100.0
1598639378.325057,2632,87.77783203125
1598639379.669777,2633,88.88894653320312
1598639381.009755,2634,100.0
1598639382.378906,2635,96.25
1598639383.753213,2636,100.0
1598639385.115099,2637,97.5
1598639386.488791,2638,100.0
1598639387.863387,2639,100.0
1598639389.211526,2640,100.0000228881836
1598639390.566233,2641,100.0000228881836
1598639391.95062,2642,100.00001525878906
1598639393.302393,2643,0.0
1598639394.622656,2644,100.0
1598639395.947254,2645,100.0
1598639397.244755,2646,100.0
1598639398.59814,2647,99.99996185302734
1598639399.944549,2648,97.5
1598639401.274745,2649,0.0
1598639402.608631,2650,100.0
1598639403.966637,2651,99.99996185302734
1598639405.307209,2652,0.0
1598639406.666484,2653,100.0
1598639408.026263,2654,97.5
1598639409.423784,2655,100.0
1598639410.817382,2656,0.0
1598639412.17614,2657,100.0
1598639413.565428,2658,100.0000228881836
1598639414.939489,2659,96.25
1598639416.291566,2660,100.0
1598639417.664424,2661,98.75
1598639419.035071,2662,87.77783203125
1598639420.402973,2663,100.0
1598639421.797325,2664,86.66671752929688
1598639423.14633,2665,97.5
1598639424.494978,2666,100.00001525878906
1598639425.812943,2667,100.0
1598639427.168765,2668,99.99996185302734
1598639428.543746,2669,100.00001525878906
1598639429.912033,2670,100.0
1598639431.30261,2671,100.0
1598639432.650962,2672,100.0
1598639434.016308,2673,100.0
1598639435.361077,2674,87.77783203125
1598639436.722154,2675,0.0
1598639438.076689,2676,97.5
1598639439.40311,2677,100.0
1598639440.756254,2678,0.0
1598639442.108202,2679,96.25
1598639443.399166,2680,86.66671752929688
1598639444.75456,2681,99.99996185302734
1598639446.087192,2682,100.0
1598639447.422313,2683,100.00001525878906
1598639448.756397,2684,100.00001525878906
1598639450.078535,2685,100.00001525878906
1598639451.402224,2686,100.0
1598639452.733869,2687,100.0
1598639454.058566,2688,100.0
1598639455.371309,2689,100.0
1598639456.688366,2690,97.5
1598639457.992119,2691,100.0
1598639459.329152,2692,0.0
1598639460.664253,2693,98.75
1598639462.019467,2694,100.0000228881836
1598639463.371778,2695,0.0
1598639464.751293,2696,100.0
1598639466.141442,2697,100.0
1598639467.509138,2698,100.0
1598639468.877149,2699,100.0
1598639470.237448,2700,100.0
1598639471.631807,2701,97.5
1598639472.985637,2702,88.88894653320312
1598639474.318529,2703,100.0
1598639475.660674,2704,100.0
1598639476.975723,2705,100.00001525878906
1598639478.314447,2706,100.0
1598639479.65,2707,100.0
1598639481.011476,2708,100.00001525878906
1598639482.360958,2709,100.0
1598639483.716123,2710,100.0
1598639485.07863,2711,100.0
1598639486.414543,2712,87.77783203125
1598639487.801085,2713,0.0
1598639489.186569,2714,99.99996185302734
1598639490.520109,2715,97.5
1598639491.878976,2716,0.0
1598639493.219454,2717,87.77783203125
1598639494.554224,2718,87.77783203125
1598639495.879039,2719,0.0
1598639497.243028,2720,100.0000228881836
1598639498.637451,2721,100.0000228881836
1598639500.001826,2722,88.88894653320312
1598639501.339444,2723,87.77783203125
1598639502.697992,2724,97.5
1598639504.013542,2725,100.0
1598639505.314074,2726,96.25
1598639506.665251,2727,100.0
1598639508.028262,2728,100.0
1598639509.434719,2729,0.0
1598639510.817417,2730,98.57144927978516
1598639512.15262,2731,96.25
1598639513.465847,2732,86.66671752929688
1598639514.818297,2733,100.0
1598639516.121722,2734,100.0000228881836
1598639517.447921,2735,100.0
1598639518.770642,2736,99.99996185302734
1598639520.131033,2737,100.0
1598639521.454937,2738,87.77783203125
1598639522.826169,2739,100.00001525878906
1598639524.172863,2740,100.0
1598639525.545093,2741,100.0
1598639526.887279,2742,100.0
1598639528.248122,2743,88.88894653320312
1598639529.644675,2744,0.0
1598639531.058773,2745,100.0
1598639532.45128,2746,0.0
1598639533.790642,2747,97.5
1598639535.091066,2748,100.0
1598639536.401866,2749,100.0
1598639537.725594,2750,100.0
1598639539.043327,2751,99.99996185302734
1598639540.397427,2752,86.66671752929688
1598639541.758122,2753,87.77783203125
1598639543.078856,2754,100.0
1598639544.379457,2755,0.0
1598639545.675091,2756,0.0
1598639546.992451,2757,100.0
1598639548.342805,2758,100.0
1598639549.678811,2759,0.0
1598639551.013528,2760,86.66671752929688
1598639552.378352,2761,0.0
1598639553.719497,2762,100.0
1598639555.058023,2763,0.0
1598639556.42699,2764,0.0
1598639557.761112,2765,0.0
1598639559.13496,2766,100.0
1598639560.518452,2767,100.00001525878906
1598639561.861307,2768,100.0
1598639563.217128,2769,100.0000228881836
1598639564.590224,2770,0.0
1598639565.933846,2771,100.0
1598639567.291936,2772,100.0
1598639568.67366,2773,100.0
1598639570.019352,2774,0.0
1598639571.323017,2775,99.99996185302734
1598639572.647062,2776,88.88894653320312
1598639573.990537,2777,0.0
1598639575.32603,2778,100.0
1598639576.628759,2779,100.00001525878906
1598639577.98575,2780,100.0
1598639579.402635,2781,100.0
1598639580.815445,2782,100.00001525878906
1598639582.195686,2783,100.0000228881836
1598639583.578031,2784,100.00001525878906
1598639584.95646,2785,100.0
1598639586.277256,2786,100.0
1598639587.614213,2787,100.0
1598639588.946311,2788,99.99996185302734
1598639590.272336,2789,100.0
1598639591.668452,2790,100.0
1598639593.055292,2791,0.0
1598639594.438502,2792,87.77783203125
1598639595.816502,2793,98.75
1598639597.195371,2794,99.99996185302734
1598639598.585344,2795,97.5
1598639599.932716,2796,100.0
1598639601.257049,2797,100.0
1598639602.56605,2798,100.0
1598639603.884233,2799,100.0
1598639605.21768,2800,0.0
1598639606.601341,2801,99.99996185302734
1598639607.989704,2802,100.0
1598639609.395403,2803,100.0
1598639610.770748,2804,100.00001525878906
1598639612.186273,2805,100.0
1598639613.583456,2806,86.66671752929688
1598639614.948229,2807,99.99996185302734
1598639616.344519,2808,99.99996185302734
1598639617.733218,2809,0.0
1598639619.102858,2810,99.99996185302734
1598639620.49108,2811,100.0
1598639621.892092,2812,100.0
1598639623.274844,2813,87.77783203125
1598639624.620618,2814,100.0000228881836
1598639625.957653,2815,100.0
1598639627.316587,2816,99.99996185302734
1598639628.691457,2817,100.0000228881836
1598639630.070761,2818,100.0
1598639631.426821,2819,100.0
1598639632.76034,2820,100.0
1598639634.077178,2821,100.0
1598639635.398696,2822,100.0
1598639636.725305,2823,0.0
1598639638.070648,2824,100.0
1598639639.412493,2825,100.0
1598639640.766031,2826,100.0
1598639642.149228,2827,100.0
1598639643.526979,2828,100.0
1598639644.910148,2829,97.5
1598639646.295933,2830,100.0
1598639647.662501,2831,100.00001525878906
1598639649.030343,2832,87.77783203125
1598639650.412072,2833,0.0
1598639651.770708,2834,100.0
1598639653.195558,2835,87.77783203125
1598639654.581869,2836,100.0
1598639655.993971,2837,100.0
1598639657.409524,2838,100.0
1598639658.815054,2839,97.5
1598639660.205648,2840,100.0
1598639661.610576,2841,100.0
1598639663.00721,2842,87.77783203125
1598639664.402412,2843,100.0
1598639665.782617,2844,100.0
1598639667.134116,2845,88.88894653320312
1598639668.511333,2846,100.0
1598639669.899507,2847,87.77783203125
1598639671.255522,2848,99.99996185302734
1598639672.601061,2849,0.0
1598639673.93412,2850,100.0
1598639675.247911,2851,0.0
1598639676.579442,2852,100.0
1598639677.913935,2853,100.0
1598639679.245869,2854,0.0
1598639680.582777,2855,88.88894653320312
1598639681.901494,2856,100.0
1598639683.239957,2857,100.0
1598639684.587137,2858,99.99996185302734
1598639685.926878,2859,100.0
1598639687.268635,2860,100.0
1598639688.606044,2861,100.0
1598639689.960876,2862,100.0
1598639691.30448,2863,85.55560302734375
1598639692.70767,2864,100.00001525878906
1598639694.092848,2865,100.0
1598639695.446784,2866,100.0000228881836
1598639696.840164,2867,0.0
1598639698.228934,2868,100.00001525878906
1598639699.60873,2869,0.0
1598639700.978478,2870,100.0
1598639702.348558,2871,96.25
1598639703.710069,2872,100.00001525878906
1598639705.071672,2873,100.00001525878906
1598639706.429379,2874,97.5
1598639707.795054,2875,100.0000228881836
1598639709.122034,2876,100.0
1598639710.432476,2877,100.0
1598639711.747551,2878,99.99996185302734
1598639713.11755,2879,100.0
1598639714.495218,2880,87.77783203125
1598639715.879144,2881,99.99996185302734
1598639717.215709,2882,0.0
1598639718.522907,2883,100.00001525878906
1598639719.829475,2884,0.0
1598639721.156508,2885,97.5
1598639722.493748,2886,100.0
1598639723.83512,2887,100.0
1598639725.173019,2888,100.0000228881836
1598639726.506538,2889,100.00001525878906
1598639727.845149,2890,99.99996185302734
1598639729.195259,2891,97.5
1598639730.554914,2892,100.0
1598639731.867919,2893,99.99996185302734
1598639733.190897,2894,87.77783203125
1598639734.524303,2895,98.75
1598639735.845217,2896,96.25
1598639737.213509,2897,97.5
1598639738.600594,2898,100.0000228881836
1598639739.97833,2899,87.77783203125
1598639741.36555,2900,100.0
1598639742.741798,2901,100.00001525878906
1598639744.130626,2902,0.0
1598639745.484647,2903,0.0
1598639746.853199,2904,100.0000228881836
1598639748.1971,2905,99.99996185302734
1598639749.539439,2906,100.0
1598639750.884609,2907,86.66671752929688
1598639752.210193,2908,99.99996185302734
1598639753.508871,2909,87.77783203125
1598639754.861216,2910,98.75
1598639756.218217,2911,88.88894653320312
1598639757.597719,2912,100.0
1598639758.944945,2913,97.5
1598639760.328702,2914,100.0
1598639761.731959,2915,100.0000228881836
1598639763.133888,2916,0.0
1598639764.540637,2917,100.0
1598639765.932337,2918,100.0
1598639767.317312,2919,100.0
1598639768.690635,2920,100.0
1598639770.092244,2921,0.0
1598639771.477149,2922,100.0
1598639772.873704,2923,100.0000228881836
1598639774.275681,2924,100.0
1598639775.644415,2925,100.0
1598639777.02909,2926,100.0
1598639778.407918,2927,100.0
1598639779.772011,2928,100.0
1598639781.122534,2929,100.0
1598639782.475345,2930,97.5
1598639783.818027,2931,100.0
1598639785.167693,2932,87.77783203125
1598639786.536562,2933,97.5
1598639787.885142,2934,87.77783203125
1598639789.232725,2935,100.0
1598639790.560953,2936,100.0
1598639791.92139,2937,99.99996185302734
1598639793.261864,2938,100.00001525878906
1598639794.630995,2939,100.0
1598639795.965087,2940,100.00001525878906
1598639797.254383,2941,99.99996185302734
1598639798.561421,2942,100.0
1598639799.91098,2943,87.77783203125
1598639801.248781,2944,100.0
1598639802.60239,2945,0.0
1598639803.992044,2946,99.99996185302734
1598639805.331765,2947,100.0
1598639806.6712,2948,98.75
1598639808.020538,2949,88.88894653320312
1598639809.334771,2950,87.77783203125
1598639810.683982,2951,99.99996185302734
1598639812.042022,2952,100.0
1598639813.374997,2953,100.0
1598639814.713841,2954,100.0
1598639816.061799,2955,100.0
1598639817.431696,2956,100.0000228881836
1598639818.753979,2957,99.99996185302734
1598639820.077059,2958,96.25
1598639821.408054,2959,100.0
1598639822.809124,2960,100.0
1598639824.202455,2961,99.99996185302734
1598639825.582603,2962,87.77783203125
1598639826.972917,2963,97.5
1598639828.349115,2964,87.77783203125
1598639829.682005,2965,0.0
1598639831.065333,2966,100.0
1598639832.447775,2967,99.99996185302734
1598639833.849048,2968,97.5
1598639835.262565,2969,0.0
1598639836.632969,2970,100.0000228881836
1598639837.978601,2971,100.0
1598639839.366214,2972,100.0
1598639840.73105,2973,100.0
1598639842.094656,2974,100.0
1598639843.484713,2975,100.0
1598639844.883478,2976,97.5
1598639846.271407,2977,87.77783203125
1598639847.649353,2978,100.00001525878906
1598639849.03983,2979,100.0000228881836
1598639850.397933,2980,96.25
1598639851.775088,2981,100.0
1598639853.151822,2982,100.0
1598639854.519808,2983,100.0000228881836
1598639855.91858,2984,96.25
1598639857.3055,2985,100.0
1598639858.646364,2986,98.75
1598639859.976884,2987,97.5
1598639861.316796,2988,0.0
1598639862.662572,2989,100.00001525878906
1598639864.043142,2990,100.0
1598639865.438335,2991,100.0
1598639866.783253,2992,100.00001525878906
1598639868.147622,2993,99.99996185302734
1598639869.46258,2994,100.0
1598639870.79123,2995,100.0
1598639872.145201,2996,99.99996185302734
1598639873.507575,2997,0.0
1598639874.893942,2998,99.99996185302734
1598639876.280285,2999,97.5
